original.taxa.name,resolved.taxa.name.gna,resolved.source.gnr,manual
Aphanothece clathrata var. rosea,Aphanothece clathrata,Catalogue of Life,var.f
Aphanocapsa parasitica f. dinobryonis,Aphanocapsa parasitica,EOL,var.f
Aphanocapsa parasitica f. dinobryonis single cell,Aphanocapsa parasitica,EOL,var.f
Aphanocapsa elachista var. conferta,Aphanocapsa elachista conferta,EOL,var.f
Chlorophyceae small colony,Chlorophyceae,Catalogue of Life,bumped
Chlorella + choricysits,NA,NA,na
Choricystis cf minor,Choricystis,Catalogue of Life,bumped
Choricystis minor,Choricystis,Catalogue of Life,bumped
Coelosphaerium kutzingii,Coelosphaerium,Catalogue of Life,bumped
Radiocystis aphaniticoidea,Radiocystis,Catalogue of Life,bumped
Chlorelloidea sp.,NA,NA,na
Schroederia antillarum,Schroederia,Catalogue of Life,bumped
Ulothrix barrel cell somtimes surounded by mucous,Ulothrix,Catalogue of Life,bumped
Anabaena flos-aquae f. lemmermannii,Anabaena lemmermannii,Catalogue of Life,var.f
Anabaena flos-aquae var. treleasii,Anabaena flos-aquae treleasii,EOL,var.f
Kirchneriella subcapitata,Kirchneriella,Catalogue of Life,bumped
Woronichinia naegeliana f. cellulaire,Woronichinia naegeliana,EOL,var.f
Chlorophyceae indetermined big,Chlorophyceae,Catalogue of Life,bumped
Aphanizomenon flos-aquae var. gracile,Aphanizomenon flos-aquae gracile,EOL,var.f
Didymocystis planctonica,Didymocystis,Catalogue of Life,bumped
Cf mantellum sp.,NA,NA,na
Cylindrospermum bourget03,Cylindrospermum,Catalogue of Life,bumped
Kirchneriella contorta,Kirchneriella,Catalogue of Life,bumped
Pediastrum boryanum var. longicorne,Pediastrum boryanum longicorne,EOL,var.f
Pseudokephyrion striatum,Pseudokephyrion,Catalogue of Life,bumped
Scenedesmus intermedius var. acaudatus,Scenedesmus intermedius acaudatus,EOL,var.f
Scenedesmus lunatus,Scenedesmus,Catalogue of Life,bumped
Gomphonema intricatum var. pumila,Gomphonema intricatum pumila,EOL,var.f
Crucigeniella rectangularis,Crucigeniella,Catalogue of Life,bumped
Aphanizomenon issatschenkoi,Aphanizomenon,EOL,bumped
Tribonema microchloron var. cylindricum,Tribonema cylindricum,EOL,var.f
Stomatocyst 130,NA,NA,na
Anabaena oscillarioides f. elliptica,Anabaena oscillarioides elliptica,EOL,var.f
Coenochloris pyrenoideum var. minimum,Coenochloris,Catalogue of Life,var.f
Tetrastrum punctatum,Tetrastrum,Catalogue of Life,bumped
Scenedesmus intermedius var. bicaudatus,Scenedesmus intermedius bicaudatus,EOL,var.f
Tetrastrum komarekii,Tetrastrum,Catalogue of Life,bumped
Anabaena bergii var. limneticum,Anabaena bergii limnetica,EOL,var.f
Scenedesmus bicaudatus var. brevicaudatus,Scenedesmus bicaudatus,EOL,var.f
Rhodomonas minuta var. nannoplanctica,Rhodomonas minuta nannoplanctica,EOL,var.f
Scenedesmus ecornis var. polymorphus,Scenedesmus ecornis polymorphus,EOL,var.f
Stomatocyst 114,NA,NA,na
Cyclotella atomus var. gracilis,Cyclotella atomus gracilis,EOL,var.f
Ulothrix short cell and broken filament,Ulothrix,Catalogue of Life,bumped
Tetraedron minimum f. tetralobulatum,Tetraedron minimum tetralobulatum,EOL,var.f
Scenedesmus bicaudatus var. fenestratus,Scenedesmus fenestratus,EOL,var.f
Cell of dinobryon,NA,NA,na
Centric spp.,Centric,EOL,juvenile
Centric (cyclotella + stephanodiscus),NA,NA,na
Centric,Centric,EOL,juvenile
Scenedesmus acutus var. acutus,Scenedesmus acutus acutus,EOL,var.f
Heterothrix constricta,Heterothrix,Catalogue of Life,bumped
Stichogloea olivacea var. sphaerica,Stichogloea olivacea sphaerica,EOL,var.f
Stichogloea olivacea var. sphaerica single cell,Stichogloea olivacea sphaerica,EOL,var.f
Ankyra flagellated zoospore,Ankyra,Catalogue of Life,bumped
Anabaena solitaria var. planctonica,Anabaena solitaria planctonica,EOL,var.f
Scenedesmus denticulatus var. fenestratus,Scenedesmus denticulatus fenestratus,EOL,var.f
Cosmarium pygmaeum var. heimerlii,Cosmarium pygmaeum heimerlii,EOL,var.f
Scenedesmus lefevrii var. manguinii,Scenedesmus lefevrei manguinii,EOL,var.f
Chrooccocus distans (4 cells),NA,NA,na
Cf. katodinium fongiforme,NA,NA,na
Dictyosphaerium cf tetrachotomum,Dictyosphaerium,Catalogue of Life,bumped
Dinobryon sertularia var. protractum,Dinobryon sertularia,EOL,var.f
Kirchneriella dichotomococcoides,Kirchneriella,Catalogue of Life,bumped
Stomatocyst fr1,NA,NA,na
Coenochloris ovalis,Coenochloris,Catalogue of Life,bumped
Oscillatoria bourrellyi,Oscillatoria,Catalogue of Life,bumped
Scenedesmus disciformis f. disciformis,Scenedesmus disciformis,EOL,var.f
Peridinium inconspicuum var. remotum,Peridinium remotum,EOL,var.f
Anabaena spiroides f. minima,Anabaena minima,EOL,var.f
Stomatocyst sp.,NA,NA,na
Chlamydomonas cf botryospora,Chlamydomonas,Catalogue of Life,bumped
Volvocale 4 flagella,NA,NA,na
Fragilaria construens f. binodis,Fragilaria construens binodis,EOL,var.f
Scenedesmus intermedius var. intermedius,Scenedesmus intermedius intermedius,EOL,var.f
Scenedesmus spinosus,Scenedesmus,Catalogue of Life,bumped
Scenedesmus opoliensis var. carinatus,Scenedesmus opoliensis carinatus,EOL,var.f
Anabaena circinalis f. tenuis,Anabaena tenuis,EOL,var.f
Dinobryon cf stokesii var. neustonicum,Dinobryon stokesii,EOL,var.f
Scenedesmus obtusus f. alternans,Scenedesmus obtusus alternans,EOL,var.f
Scenedesmus acutiformis,Scenedesmus,Catalogue of Life,bumped
Aulacoseira granulata var. angustissima f. curvata,Aulacoseira granulata angustissima,EOL,var.f
Pediastrum biradiatum,Pediastrum,Catalogue of Life,bumped
Cyclotella cf. distinguenda var. unipunctata,Cyclotella distinguenda,EOL,var.f
Pediastrum duplex var. gracillimum,Pediastrum duplex gracillimum,EOL,var.f
Staurodesmus incus f. minor,Staurodesmus incus minor,EOL,var.f
Chlamydomonas gloeophila var. irregularis,Chlamydomonas gloeophila irregularis,EOL,var.f
Chlorophyceae indetermined small,Chlorophyceae,Catalogue of Life,bumped
Fragilaria capucina var. vaucheriae,Fragilaria capucina vaucheriae,EOL,var.f
Cosmarium polygonum var. hexagonum,Cosmarium polygonum hexagonum,EOL,var.f
Scenedesmus acutus var. alternans,Scenedesmus acutus alternans,EOL,var.f
Anabaena solitaria,Anabaena,Catalogue of Life,bumped
Cyst 1 of chrysophyceae,NA,NA,na
Fragilaria construens f. venter,Fragilaria construens venter,EOL,var.f
Bicoeca cylindrica,Bicoeca,EOL,bumped
Oedogonium large cell bourget03,Oedogonium,Catalogue of Life,bumped
Ulothrix long cell,Ulothrix,Catalogue of Life,bumped
Stokesiella epipyxis,Stokesiella,Catalogue of Life,bumped
Chromulina cf erkensis,Chromulina,Catalogue of Life,bumped
Fragilaria capucina var. radians,Fragilaria capucina radians,EOL,var.f
Cosmarium abbreviatum f. minor,Cosmarium abbreviatum minor,EOL,var.f
Fragilaria tenera var. lemanensis,Fragilaria tenera lemanensis,EOL,var.f
Pediastrum simplex var. sturmii,Pediastrum sturmii,EOL,var.f
Gomphonema parvulum var. exilissimum,Gomphonema parvulum exilissimum,EOL,var.f
Scenedesmus protuberans,Scenedesmus,Catalogue of Life,bumped
Aulacoseira granulata var. angustissima,Aulacoseira granulata angustissima,EOL,var.f
Cyst chrysophycee,NA,NA,na
Salpingoeca minor,Salpingoeca,Catalogue of Life,bumped
Palmeacea sp.,NA,NA,na
Bicoeca cf. campanulata petit morphotype,Bicoeca,EOL,bumped
Epipyxis cylindrica,Epipyxis,Catalogue of Life,bumped
Navicula clementis f. minor,Navicula minor,EOL,var.f
Chlamydomonas conica var. subconica,Chlamydomonas subconica,EOL,var.f
Fragilaria ulna var. acus,Fragilaria,EOL,var.f
Cyclotella costei f. petite aire centrale,Cyclotella costei,EOL,var.f
Fotterella tetrachlorella,Fotterella,Catalogue of Life,bumped
Dinobryon anneciense,Dinobryon,Catalogue of Life,bumped
Dinobryon sertularia var. protuberans,Dinobryon sertularia protuberans,EOL,var.f
Closterium acutum var. linea,Closterium acutum linea,EOL,var.f
Bicoeca planctonica,Bicoeca,EOL,bumped
Dinobryon sociale var. americanum,Dinobryon sociale var. americanum,EOL,var.f
Dinobryon sociale var. americanum plein,Dinobryon sociale americanum,EOL,var.f
Dinobryon sociale var. americanum vide,Dinobryon sociale var. americanum,EOL,var.f
Dinobryon sociale var. stipitatum,Dinobryon sociale stipitatum,EOL,var.f
Dinobryon sociale var. stipitatum plein,Dinobryon sociale stipitatum,EOL,var.f
Dinobryon sociale var. stipitatum vide,Dinobryon sociale stipitatum,EOL,var.f
Cyst 2 of chrysophyceae,NA,NA,na
Polyedriopsis bitridens,Polyedriopsis,Catalogue of Life,bumped
Pandorina morum var. major,Pandorina morum major,EOL,var.f
Sphaerellopsis aulata,Sphaerellopsis,Catalogue of Life,bumped
Cosmarium novae-semliae var. sibericum,Cosmarium novae-semliae sibiricum,EOL,var.f
Closterium acutum var. variabile,Closterium acutum variabile,EOL,var.f
Bicoeca campanulata,Bicoeca,EOL,bumped
Katodinium hiemale,Katodinium,EOL,bumped
Stomatocyst 153,NA,NA,na
Cosmarium sexangulare var. minus,Cosmarium sexangulare minus,EOL,var.f
Calycomonas pascheri,Calycomonas,Catalogue of Life,bumped
Cyst of dinobryon,NA,NA,na
Micro chlorophyceae,Micro,Catalogue of Life,bumped
Tetraedron minimum var. scrobiculatum,Tetraedron minimum scrobiculatum,EOL,var.f
Cosmarium phaseolus var. minus,Cosmarium phaseolus minus,EOL,var.f
Stomatocyst 2 spines,NA,NA,na
Dinobryon cylindricum var. alpinum plein,Dinobryon cylindricum alpinum,EOL,var.f
Dinobryon cylindricum var. alpinum vide,Dinobryon cylindricum alpinum,EOL,var.f
Cysts of chrysophyceae,NA,NA,na
Stomatocyst 219,NA,NA,na
Cocconeis placentula var. euglypta,Cocconeis placentula var. euglypta,EOL,var.f
Stomatocyst 5 spines,NA,NA,na
Cosmarium subsalsum,Cosmarium,Catalogue of Life,bumped
Ulothricophyceae sp.,NA,NA,na
Pseudostaurastrum alternans,Pseudostaurastrum,Catalogue of Life,bumped
Closterium venus var. westii,Closterium venus westii,EOL,var.f
Trachelomonas volvocina var. subglobosa,Trachelomonas volvocina subglobosa,EOL,var.f
Stomatocyst 3 spines,NA,NA,na
Stomatocyst 62,NA,NA,na
Pseudostaurastrum hastatum var. palatinum,Pseudostaurastrum hastatum palatinum,EOL,var.f
Cosmarium venustum var. minus,Cosmarium venustum minus,EOL,var.f
Stomatocyst 4 spines,NA,NA,na
Cosmarium subcostatum var. minus,Cosmarium subcostatum minus,EOL,var.f
Gymnodinium lantzschii f. major,Gymnodinium lantzschii,Catalogue of Life,var.f
Fragilaria ulna var. angustissima,Fragilaria ulna,EOL,var.f
Ulnaria delicatissima var. angustissima,Ulnaria delicatissima angustissima,EOL,var.f
Coenocystis planctonica var. hercynica,Coenocystis planctonica hercynica,EOL,var.f
Peridiniopsis umbonatum,Peridiniopsis,EOL,bumped
Cyst of chrysophyceaes,NA,NA,na
Fragilaria berolinensis,Fragilaria,EOL,bumped
Cymbella helvetica var. curta,Cymbella helvetica curta,EOL,var.f
Stomatocyst 6 spines,NA,NA,na
Cosmarium subprotumidum var. gregorii,Cosmarium subprotumidum gregorii,EOL,var.f
Cosmarium undulatum var. minutum,Cosmarium undulatum minutum,EOL,var.f
Peridinium inconspicuum var. contactum,Peridinium,EOL,var.f
Stephanodiscus hantzschii f. tenuis,Stephanodiscus hantzschii tenuis,EOL,var.f
Cosmarium subcostatum var. subcostatum,Cosmarium subcostatum subcostatum,EOL,var.f
Phacus pleuronectes var. pleuronectes,Phacus pleuronectes pleuronectes,EOL,var.f
Closterium acutum var. latius,Closterium acutum latius,EOL,var.f
Cosmarium depressum var. planctonicum,Cosmarium depressum planctonicum,EOL,var.f
Peridinium umbonatum,Peridinium,EOL,bumped
Peridinium umbonatum var. conjectum f. spiniferum,Peridinium spiniferum,EOL,var.f
Staurastrum johnsoni var. triradiatum,Staurastrum johnsonii triradiatum,EOL,var.f
Staurastrum messikomerii f. planctonicum,Staurastrum planctonicum,EOL,var.f
Cyst of ceratium hirundinella,NA,NA,na
Cyst of peridinien,NA,NA,na
Closterium cf. lanceolatum var. parvum,Closterium lanceolatum,EOL,var.f
Staurastrum sebaldii var. ornatum,Staurastrum sebaldii ornatum,EOL,var.f
Staurastrum sebaldii var. ornatum f quadriradiata,Staurastrum quadriradiatum,EOL,var.f
Eunotia serra var. tetraodon,Eunotia serra tetraodon,EOL,var.f
Cosmarium margaritiferum f. regularius,Cosmarium margaritiferum regularius,EOL,var.f
Cosmarium pseudopyramidum,Cosmarium,Catalogue of Life,bumped
Gymnodinium umberrinum,Gymnodinium,Catalogue of Life,bumped
Staurastrum planctonicum var. bulbosum,Staurastrum planctonicum bullosum,EOL,var.f
Cymatopleura solea var. regula,Cymatopleura solea regula,EOL,var.f
Cyclotella bodanica var. bodanica,Cyclotella bodanica bodanica,EOL,var.f
Cyclotella bodanica var. lemanensis,Cyclotella bodanica lemanensis,EOL,var.f
Ankistrodesmus convolutus,Ankistrodesmus,Catalogue of Life,bumped
Oscillatoria agardhii,Oscillatoria,Catalogue of Life,bumped
Oscillatoria lemmermanni,Oscillatoria,Catalogue of Life,bumped
Scenedesmus intermedius,Scenedesmus,Catalogue of Life,bumped
Deasonia gigantica,Deasonia,Catalogue of Life,bumped
Kephyrion gracilis,Kephyrion,Catalogue of Life,bumped
Oscillatoria minnesotensis,Oscillatoria,Catalogue of Life,bumped
Anabaena crassa,Anabaena,Catalogue of Life,bumped
Anabaena mendotae,Anabaena,Catalogue of Life,bumped
Aphanizomenon ovalisporum,Aphanizomenon,EOL,bumped
Kephyrion gracile,Kephyrion,Catalogue of Life,bumped
Gomphosphaeria pallidum,Gomphosphaeria,Catalogue of Life,bumped
Centric diatom,Centric diatom,EOL,juvenile
Chroomonas rosenbergii,Chroomonas,Catalogue of Life,bumped
Tetracystis chlorococcoides,Tetracystis,Catalogue of Life,bumped
Achnanthidium duthii,Achnanthidium,EOL,bumped
Achnanthes lapponica,Achnanthes,EOL,bumped
Achnanthes reimeri,Achnanthes,EOL,bumped
Amphora holsatica,Amphora,Catalogue of Life,bumped
Cymbella subcuspidata,Cymbella,EOL,bumped
Eunotia nymanii,Eunotia,EOL,bumped
Fragilaria elliptica,Fragilaria,EOL,bumped
Gomphonema geitleri,Gomphonema,EOL,bumped
Navicula subatomoides,Navicula,Catalogue of Life,bumped
Navicula canoris,Navicula,Catalogue of Life,bumped
Navicula utermhii,Navicula,Catalogue of Life,bumped
Navicula sublucidula,Navicula,Catalogue of Life,bumped
Navicula evanida,Navicula,Catalogue of Life,bumped
Navicula wienzierlii,Navicula,Catalogue of Life,bumped
Nitzschia lancetulla,Nitzschia,Catalogue of Life,bumped
Opephora martyi,Opephora,EOL,bumped
Rhopalodia operculata,Rhopalodia,EOL,bumped
Encyonema perpussilum,Encyonema,EOL,bumped
Luticola naviculoides,Luticola,EOL,bumped
Punctastriata pinnata,Punctastriata,EOL,bumped
Rossithidium duthii,Rossithidium,EOL,bumped
Encyonopsis evergladianum,Encyonopsis,EOL,bumped
Geissleria aikenensis,Geissleria,EOL,bumped
Cosmarium zygomorphum,Cosmarium,Catalogue of Life,bumped
Gonium sociale,Gonium,Catalogue of Life,bumped
Scenedesmus quadricuada,Scenedesmus,Catalogue of Life,bumped
Hapalosiphon hibernius,Hapalosiphon,Catalogue of Life,bumped
Lyngbya lattisima,Lyngbya,Catalogue of Life,bumped
Platessa hustedtii,Platessa,EOL,bumped
Pediastrum privum,Pediastrum,Catalogue of Life,bumped
Anabaena smithii,Anabaena,Catalogue of Life,bumped
Anabaena mucosa,Anabaena,Catalogue of Life,bumped
Dictyosphaerium tetrachotomum,Dictyosphaerium,Catalogue of Life,bumped
Synechococcus gracilis,Synechococcus,Catalogue of Life,bumped
Pediastrum kawraiskyi,Pediastrum,Catalogue of Life,bumped
Bulbochaeta,NA,NA,na
Amphiprora ornata,Amphiprora,EOL,bumped
Anabaena curva,Anabaena,Catalogue of Life,bumped
Peridiniopsis edax,Peridiniopsis,EOL,bumped
Chodatella citriformis,Chodatella,Catalogue of Life,bumped
Syncrypta perlata,Syncrypta,Catalogue of Life,bumped
Didymocystis planktonica,Didymocystis,Catalogue of Life,bumped
Phormidium splendens,Phormidium,Catalogue of Life,bumped
Stephanocodon socialis,Stephanocodon,EOL,bumped
Dictyosphaerium botrytella,Dictyosphaerium,Catalogue of Life,bumped
Heterothrix tenuissima,Heterothrix,Catalogue of Life,bumped
Merismopedia tenuis,Merismopedia,Catalogue of Life,bumped
Nannochloris atomus,Nannochloris,Catalogue of Life,bumped
Paralauterboniella,NA,NA,na
Stichtochironomus,NA,NA,na
Pseudosmittia subtriloba,Pseudosmittia,Catalogue of Life,bumped
Echinopus giboni,Echinopus,Catalogue of Life,bumped
Caenospella meridies,NA,NA,na
Caenospella,NA,NA,na
Hyalophlebia patnciae,Hyalophlebia,Catalogue of Life,bumped
Nadinatella,NA,NA,na
Polypedilum subgenus pentapedium,Polypedilum,Catalogue of Life,bumped
Polypedilum subgenus polypedilum,Polypedilum,Catalogue of Life,bumped
Afrolochus harrisoni,NA,NA,na
Madecocerus,NA,NA,na
Afroneurus ethiopicus,NA,NA,na
Adenophleboides,NA,NA,na
Ictinogomphus ruwenzorica,Ictinogomphus,Catalogue of Life,bumped
Ictinogomphus selysi,Ictinogomphus,Catalogue of Life,bumped
Ictinogomphus soror,Ictinogomphus,Catalogue of Life,bumped
Allocnemis singularis,Allocnemis,Catalogue of Life,bumped
Ehteria elliptica,NA,NA,na
Chaoborus (sayomyia),Chaoborus,Catalogue of Life,bumped
Thaumeliidae,NA,NA,na
Bosmina liederi/longirostris,Bosmina,Catalogue of Life,bumped
Bosminids spp.,NA,NA,na
Bythotrephes longimanus-(total),Bythotrephes,Catalogue of Life,bumped
Bythotrephes longimanus-(core),Bythotrephes,Catalogue of Life,bumped
Bythotrephes longimanus-(spine),Bythotrephes,Catalogue of Life,bumped
Ceriopdaphnia sp.,NA,NA,na
Cyclops abyssorum,Cyclops abyssorum,Catalogue of Life,juvenile
Cyclops bicuspidatus,Cyclops bicuspidatus,Catalogue of Life,juvenile
Cyclops bicuspidatus-thomasi,Cyclops bicuspidatus-thomasi,EOL,juvenile
Cyclops bohater,Cyclops bohater,Catalogue of Life,juvenile
Cyclops kolensis,Cyclops kolensis,Catalogue of Life,juvenile
Cyclops leuckarti,Cyclops leuckarti,Catalogue of Life,juvenile
Cyclops leuckarti-(m),Cyclops,Catalogue of Life,bumped
Cyclops scutifer,Cyclops scutifer,Catalogue of Life,juvenile
Cyclops strenuus,Cyclops strenuus,Catalogue of Life,juvenile
Cyclops vernalis,Cyclops vernalis,Catalogue of Life,juvenile
Cyclops vicinus,Cyclops vicinus,Catalogue of Life,juvenile
Daphniids spp.,NA,NA,na
Diaptomiids spp.,NA,NA,na
Diaptomus graciloides-(m),Diaptomus,Catalogue of Life,bumped
Harpacticoids spp.,NA,NA,na
Cyclops furcifer,Cyclops furcifer,Catalogue of Life,juvenile
Cyclops lacustris,Cyclops lacustris,Catalogue of Life,juvenile
Cyclops insignis,Cyclops insignis,Catalogue of Life,juvenile
Copepodit calanoida,NA,NA,na
Copepodit cyclopoida,NA,NA,na
Nauplii copepoda,NA,NA,na
Chlorella minutissima,Chlorella,Catalogue of Life,bumped
Desmodesmus armatus var. longispina,Desmodesmus armatus longispina,EOL,var.f
Dictyosphaerium pulchellum var. minutum,Dictyosphaerium pulchellum minutum,EOL,var.f
Pseudopediastrum boryanum var. longicorne,Pseudopediastrum boryanum longicorne,EOL,var.f
Scenedesmus armatus var. boglariensis,Scenedesmus armatus boglariensis,EOL,var.f
Scenedesmus denticulatus var. brevispinus,Scenedesmus denticulatus brevispinus,EOL,var.f
Scenedesmus granulatus f. spinosus,Scenedesmus,Catalogue of Life,var.f
Scenedesmus lefevrei var. manguinii,Scenedesmus lefevrei manguinii,EOL,var.f
Scenedesmus obtusus f. disciformis,Scenedesmus disciformis,EOL,var.f
Scenedesmus quadricauda var. longispinus,Scenedesmus quadricauda longispina,EOL,var.f
Tetraedron minimum var. tetralobulatum,Tetraedron minimum tetralobulatum,EOL,var.f
Dinobryon divergens var. schauinslandii,Dinobryon divergens var. schauinslandii,EOL,var.f
Dinobryon suecicum var. longispinum,Dinobryon suecicum longispinum,EOL,var.f
Kephyrion elegans,Kephyrion,Catalogue of Life,bumped
Kephyrion welshii,Kephyrion,Catalogue of Life,bumped
Synochromonas elaeochrus,Synochromonas,Catalogue of Life,bumped
Aulacoseira ambigua f. japonica,Aulacoseira ambigua japonica,EOL,var.f
Cyclotella cretica var. cyclopuncta,Cyclotella cretica cyclopuncta,EOL,var.f
Ulnaria ulna var. acus,Ulnaria ulna acus,EOL,var.f
Trachelomonas volvocina var. punctata,Trachelomonas volvocina punctata,EOL,var.f
Tetradriella,NA,NA,na
Aulacoseira ambigua f.  curvata,Aulacoseira ambigua curvata,EOL,var.f
Achnanthes brevipes var. intermedia,Achnanthes brevipes intermedia,EOL,var.f
Achnanthes brevipes var. brevipes,Achnanthes brevipes brevipes,EOL,var.f
Achnanthes biasolettiana var. thienemannii,Achnanthes biasolettiana thienemannii,EOL,var.f
Amphora coffeaeformis var. acutiuscula,Amphora coffeaeformis acutiuscula,EOL,var.f
Amphora coffeaeformis var. coffeaeformis,Amphora coffeaeformis coffeaeformis,EOL,var.f
Achnanthidium minutissima var. affinis,Achnanthidium minutissimum affinis,EOL,var.f
Adlafia minuscula var. muralis,Adlafia minuscula muralis,EOL,var.f
Achnanthidium rosenstockianum,Achnanthidium,EOL,bumped
Achnanthes exigua var. elliptica,Achnanthes exigua elliptica,EOL,var.f
Achnanthes minutissima var. inconspicua,Achnanthes minutissima inconspicua,EOL,var.f
Achnanthes minutissima var. minutissima,Achnanthes minutissima minutissima,EOL,var.f
Achnanthes minutissima var. jackii,Achnanthes minutissima jackii,EOL,var.f
Achnanthes ploenensis var. gessneri,Achnanthes ploenensis gessneri,EOL,var.f
Achnanthes ploenensis var. ploenensis,Achnanthes ploenensis,EOL,var.f
Aulacoseira distans var. nivalis,Aulacoseira distans nivalis,EOL,var.f
Bacillaria paxillifera var. paxillifer terato,Bacillaria paxillifera paxillifera,EOL,var.f
Bacillaria paxillifera var. paxillifera,Bacillaria paxillifera paxillifera,EOL,var.f
Cymbella excisa var. excisa,Cymbella excisa excisa,EOL,var.f
Cymbella affinis var. affinis,Cymbella affinis affinis,EOL,var.f
Caloneis amphisbaena f.  amphisbaena,Caloneis amphisbaena amphisbaena,EOL,var.f
Cymbopleura frequens var. frequens,Cymbopleura frequens frequens,EOL,var.f
Cymbopleura kuelbsii var. kuelbsii,Cymbopleura kuelbsii kuelbsii,EOL,var.f
Cymbopleura naviculiformis var. naviculiformis,Cymbopleura naviculiformis naviculiformis,EOL,var.f
Cavinula cocconeiformis f.  elliptica,Cavinula cocconeiformis elliptica,EOL,var.f
Cyclotella distinguenda var. distinguenda,Cyclotella distinguenda distinguenda,EOL,var.f
Cyclotella distinguenda-unipunctata,Cyclotella,EOL,bumped
Cymbella excisa var. angusta,Cymbella excisa angusta,EOL,var.f
Cymatopleura elliptica var. elliptica,Cymatopleura elliptica elliptica,EOL,var.f
Cymbella excisiformis var. nonprotracta,Cymbella excisiformis nonprotracta,EOL,var.f
Cymbella excisa var. procera,Cymbella excisa procera,EOL,var.f
Cymbella excisiformis var. excisiformis,Cymbella excisiformis excisiformis,EOL,var.f
Cymbella hustedtii var. hustedtii,Cymbella hustedtii hustedtii,EOL,var.f
Cymbella kolbei var. kolbei,Cymbella kolbei kolbei,EOL,var.f
Cymbella laevis var. laevis,Cymbella laevis laevis,EOL,var.f
Cymbella lanceolata var. lanceolata,Cymbella lanceolata lanceolata,EOL,var.f
Cymbella neocistula var. neocistula,Cymbella neocistula neocistula,EOL,var.f
Cymbella neoleptoceros var. neoleptoceros,Cymbella neoleptoceros neoleptoceros,EOL,var.f
Cocconeis placentula var. euglypta terato,Cocconeis placentula euglypta,EOL,var.f
Cocconeis placentula var. placentula,Cocconeis placentula placentula,EOL,var.f
Cocconeis placentula var. lineata,Cocconeis placentula lineata,EOL,var.f
Cocconeis placentula var. klinoraphis,Cocconeis placentula klinoraphis,EOL,var.f
Cocconeis placentula var. pseudolineata,Cocconeis placentula pseudolineata,EOL,var.f
Cymbella proxima var. proxima,Cymbella proxima proxima,EOL,var.f
Cymbopleura rhomboidea var. rhomboidea,Cymbopleura rhomboidea rhomboidea,EOL,var.f
Cymatopleura solea var. apiculata,Cymatopleura solea apiculata,EOL,var.f
Cymbopleura subaequalis var. subaequalis,Cymbopleura subaequalis subaequalis,EOL,var.f
Caloneis schumanniana var. biconstricta,Caloneis schumanniana biconstricta,EOL,var.f
Caloneis schumanniana var. biconstricta f.  minor,Caloneis schumanniana biconstricta,EOL,var.f
Cymatopleura solea var. solea,Cymatopleura solea solea,EOL,var.f
Cymbella subtruncata var. subtruncata,Cymbella subtruncata subtruncata,EOL,var.f
Cymbella turgidula var. turgidula,Cymbella turgidula turgidula,EOL,var.f
Cymbella tropica var. tropica,Cymbella tropica tropica,EOL,var.f
Cymbella vulgata var. vulgata,Cymbella vulgata vulgata,EOL,var.f
Diadesmis contenta var. biceps,Diadesmis contenta biceps,EOL,var.f
Diadesmis confervacea var. confervacea,Diadesmis confervacea confervacea,EOL,var.f
Delicata delicatula var. alpestris,Delicata delicatula alpestris,EOL,var.f
Delicata delicatula var. delicatula,Delicata delicatula,EOL,var.f
Diadesmis gallica var. perpusilla,Diadesmis perpusilla,EOL,var.f
Diatoma hyemalis var. hyemalis,Diatoma hyemalis,EOL,var.f
Denticula kuetzingii var. kuetzingii,Denticula kuetzingii kuetzingii,EOL,var.f
Denticula tenuis var. crassula,Denticula tenuis crassula,EOL,var.f
Diatoma vulgaris f.  lineare,Diatoma vulgaris lineare,EOL,var.f
Eunotia arcus var. arcus,Eunotia arcus arcus,EOL,var.f
Epithemia argus var. argus,Epithemia argus argus,EOL,var.f
Eunotia bilunaris var. bilunaris,Eunotia bilunaris bilunaris,EOL,var.f
Eunotia exigua var. tenella,Eunotia tenella,EOL,var.f
Eunotia incisa var. incisa,Eunotia incisa incisa,EOL,var.f
Encyonema silesiacum var. latestriata,Encyonema silesiacum latistriata,EOL,var.f
Eunotia muscicola var. muscicola,Eunotia muscicola muscicola,EOL,var.f
Entomoneis paludosa var. paludosa,Entomoneis paludosa paludosa,EOL,var.f
Eunotia pectinalis var. pectinalis,Eunotia pectinalis pectinalis,EOL,var.f
Eunotia pectinalis var. recta,Eunotia recta,EOL,var.f
Eunotia praerupta var. praerupta,Eunotia praerupta praerupta,EOL,var.f
Eunotia paludosa var. trinacria,Eunotia paludosa trinacria,EOL,var.f
Eunotia pectinalis var. undulata,Eunotia pectinalis undulata,EOL,var.f
Encyonema silesiacum var. ventriformis,Encyonema silesiacum ventriformis,EOL,var.f
Epithemia turgida var. turgida,Epithemia turgida turgida,EOL,var.f
Eunotia paludosa var. paludosa,Eunotia paludosa paludosa,EOL,var.f
Fragilaria arcus var. arcus,Fragilaria arcus,EOL,var.f
Fragilaria capucina var. amphicephala,Fragilaria capucina amphicephala,EOL,var.f
Fragilaria capucina var. capucina,Fragilaria capucina capucina,EOL,var.f
Fragilaria capucina var. austriaca,Fragilaria capucina austriaca,EOL,var.f
Fragilaria construens f.  binodis,Fragilaria construens binodis,EOL,var.f
Fragilaria capucina var. distans,Fragilaria capucina distans,EOL,var.f
Fragilaria capucina var. mesolepta,Fragilaria capucina mesolepta,EOL,var.f
Fragilaria capucina var. rumpens,Fragilaria capucina rumpens,EOL,var.f
Fragilaria capucina var. vaucheriae terato,Fragilaria capucina vaucheriae,EOL,var.f
Fragilaria delicatissima,Fragilaria,EOL,bumped
Fallacia difficillimoides,Fallacia,Catalogue of Life,bumped
Fragilaria famelica var. famelica,Fragilaria famelica,EOL,var.f
Fragilaria pinnata var. pinnata,Fragilaria pinnata pinnata,EOL,var.f
Frustulia rhomboides var. amphipleuroides,Frustulia rhomboides amphipleuroides,EOL,var.f
Fragilaria ulna var. ulna,Fragilaria ulna ulna,EOL,var.f
Fragilaria zeilleri var. elliptica,Fragilaria zeilleri elliptica,EOL,var.f
Gomphonema ba var. icum,Gomphonema,EOL,var.f
Gomphoneis eriense var. variabilis,Gomphoneis eriense variabilis,EOL,var.f
Gomphonema micropus var. micropus,Gomphonema micropus micropus,EOL,var.f
Gomphonema minutum f.  minutum,Gomphonema minutum minutum,EOL,var.f
Gomphoneis minuta var. minuta,Gomphoneis minuta minuta,EOL,var.f
Gomphonema olivaceum var. balticum,Gomphonema balticum,EOL,var.f
Gomphonema olivaceum var. olivaceum,Gomphonema olivaceum olivaceum,EOL,var.f
Gomphonema olivaceum var. minutissimum,Gomphonema olivaceum minutissima,EOL,var.f
Gomphonema parvulum var. parvulum f.  parvulum,Gomphonema parvulum,EOL,var.f
Gomphonema parvulum var. parvulum f.  saprophilum,Gomphonema saprophilum,EOL,var.f
Gomphonema pumilum var. elegans,Gomphonema elegans,EOL,var.f
Gomphonema pumilum var. rigidum,Gomphonema rigidum,EOL,var.f
Licmophora gracilis var. gracilis,Licmophora gracilis gracilis,EOL,var.f
Luticola kotschyi,Luticola,EOL,bumped
Luticola af f mutica,Luticola,EOL,bumped
Mayamaea atomus var. alcimonica,Mayamaea atomus alcimonica,EOL,var.f
Mayamaea atomus var. permitis,Mayamaea permitis,EOL,var.f
Meridion circulare var. constrictum,Meridion circulare constrictum,EOL,var.f
Meridion circulare var. circulare,Meridion circulare circulare,EOL,var.f
Mayamaea fossalis var. obsidialis,Mayamaea fossalis obsidialis,EOL,var.f
Nitzschia amphibia f.  amphibia,Nitzschia amphibia amphibia,EOL,var.f
Nitzschia dianae,Nitzschia,Catalogue of Life,bumped
Nitzschia dissipata var. dissipata,Nitzschia dissipata dissipata,EOL,var.f
Nitzschia dissipata var. media,Nitzschia dissipata var. media,EOL,var.f
Naviculadicta vitabunda,Naviculadicta,EOL,bumped
Nitzschia filiformis var. conferta,Nitzschia filiformis conferta,EOL,var.f
Nitzschia filiformis var. filiformis,Nitzschia filiformis filiformis,EOL,var.f
Nitzschia fonticola var. pelagica,Nitzschia fonticola pelagica,EOL,var.f
Nitzschia frustulum var. frustulum,Nitzschia frustulum frustulum,EOL,var.f
Nitzschia liebetruthii var. liebetruthii,Nitzschia liebetruthii,EOL,var.f
Nitzschia linearis var. linearis,Nitzschia linearis linearis,EOL,var.f
Nitzschia linearis var. subtilis,Nitzschia linearis subtilis,EOL,var.f
Navicula menisculus var. menisculus,Navicula menisculus menisculus,EOL,var.f
Navicula minuscula var. muralis,Navicula minuscula muralis,EOL,var.f
Nitzschia palea var. debilis,Nitzschia palea debilis,EOL,var.f
Nitzschia palea var. tenuirostris,Nitzschia palea tenuirostris,EOL,var.f
Navicula reichardtiana var. reichardtiana,Navicula reichardtiana reichardtiana,EOL,var.f
Navicula salinarum var. salinarum,Navicula salinarum var. salinarum,Catalogue of Life,var.f
Navicula salinarum var. rostrata,Navicula salinarum var. rostrata,Catalogue of Life,var.f
Navicula schroeteri var. schroeteri,Navicula schroeteri schroeteri,EOL,var.f
Nitzschia sinuata var. sinuata,Nitzschia sinuata sinuata,EOL,var.f
Nitzschia sinuata var. tabellaria,Nitzschia sinuata tabellaria,EOL,var.f
Naviculadicta schmassmannii,Naviculadicta,EOL,bumped
Navicula trivialis var. trivialis,Navicula trivialis trivialis,EOL,var.f
Nupela lapidosa var. lapidosa,Nupela lapidosa lapidosa,EOL,var.f
Navicula vandamii var. vandamii,Navicula vandamii var. vandamii,Catalogue of Life,var.f
Naviculadicta laterostrata,Naviculadicta,EOL,bumped
Navicula vandamii var. mertensiae,Navicula vandamii var. mertensiae,Catalogue of Life,var.f
Naviculadicta seminulum,Naviculadicta,EOL,bumped
Navicula viridula var. germainii,Navicula viridula var. germainii,Catalogue of Life,var.f
Navicula viridula var. rostellata,Navicula viridula var. rostellata,Catalogue of Life,var.f
Nitzschia linearis var. tenuis,Nitzschia linearis tenuis,EOL,var.f
Pinnularia acrospheria var. acrospheria,Pinnularia acrosphaeria,EOL,var.f
Pinnularia appendiculata var. appendiculata,Pinnularia appendiculata appendiculata,EOL,var.f
Pinnularia borealis var. borealis,Pinnularia borealis borealis,EOL,var.f
Pinnularia brebissonii var. brebissonii,Pinnularia brebissonii brebissonii,EOL,var.f
Pinnularia divergentissima var. subrostrata,Pinnularia subrostrata,EOL,var.f
Pinnularia dubitabilis var. dubitabilis,Pinnularia dubitabilis dubitabilis,EOL,var.f
Psammothidium grischunum f.  daonensis,Psammothidium grishunum daonensis,EOL,var.f
Pinnularia globiceps var. globiceps,Pinnularia globiceps globiceps,EOL,var.f
Pleurosira laevis f.  laevis,Pleurosira laevis laevis,EOL,var.f
Planothidium peragalli var. parvulum,Planothidium peragalli parvulum,EOL,var.f
Pinnularia lundii var. lundii,Pinnularia lundii lundii,EOL,var.f
Pinnularia microstauron var. microstauron,Pinnularia microstauron microstauron,EOL,var.f
Placoneis placentula f.  rostrata,Placoneis placentula rostrata,EOL,var.f
Pseudostaurosira parasitica var. subconstricta,Pseudostaurosira parasitica subconstricta,EOL,var.f
Pinnularia subcapitata var. subcapitata,Pinnularia subcapitata subcapitata,EOL,var.f
Pinnularia subrupestris var. cruciata,Pinnularia subrupestris cruciata,EOL,var.f
Pinnularia subcapitata var. elongata,Pinnularia subcapitata elongata,EOL,var.f
Pinnularia subgibba var. subgibba,Pinnularia subgibba subgibba,EOL,var.f
Pinnularia sudetica var. sudetica,Pinnularia sudetica sudetica,EOL,var.f
Pinnularia viridiformis var. viridiformis m 1,Pinnularia viridiformis viridiformis,EOL,var.f
Pinnularia viridis var. viridis m 1,Pinnularia viridis viridis,EOL,var.f
Pinnularia viridiformis var. viridiformis m 3,Pinnularia viridiformis viridiformis,EOL,var.f
Rhopalodia gibba var. gibba,Rhopalodia gibba gibba,EOL,var.f
Surirella brebissonii var. kuetzingii,Surirella brebissonii kuetzingii,EOL,var.f
Surirella brebissonii var. brebissonii,Surirella brebissonii brebissonii,EOL,var.f
Surirella brightwellii var. brightwellii,Surirella brightwellii,EOL,var.f
Staurosira construens var. binodis,Staurosira construens binodis,EOL,var.f
Staurosira construens f.  subsalina,Staurosira construens subsalina,EOL,var.f
Staurosira construens var. venter,Staurosira construens venter,EOL,var.f
Staurosira construens f.  venter,Staurosira construens venter,EOL,var.f
Synedrella subconstricta,Synedrella,Catalogue of Life,bumped
Surirella helvetica,Surirella,EOL,bumped
Stephanodiscus hantzschii f.  tenuis,Stephanodiscus hantzschii tenuis,EOL,var.f
Surirella linearis var. constricta,Surirella linearis constricta,EOL,var.f
Stauroneis legumen var. integra,Stauroneis legumen integra,EOL,var.f
Staurosirella pinnata var. intercedens,Staurosirella pinnata intercedens,EOL,var.f
Staurosira berolinensis,Staurosira,EOL,bumped
Stauroneis siberica var. siberica,Stauroneis siberica siberica,EOL,var.f
Tryblionella gracilis var. subsalina,Tryblionella subsalina,EOL,var.f
Thalassiosira hyperborea var. pelagica,Thalassiosira hyperborea pelagica,EOL,var.f
Ulnaria ulna var. angustissima,Ulnaria ulna,EOL,var.f
Cyclops sp,Cyclops,Catalogue of Life,juvenile
Cyclopoid copepod,NA,NA,na
Limnomonas gaiensis,Limnomonas,EOL,bumped
Cyclops sp.,Cyclops,Catalogue of Life,juvenile
Harpacticoid sp.,NA,NA,na
Calanoid,NA,NA,na
Cyclopoid,NA,NA,na
Nauplii,NA,NA,na
Mosquito,NA,NA,na
Stonefly,NA,NA,na
Mayfly,NA,NA,na
Beetle,NA,NA,na
Unknown rotifer,Unknown,EOL,bumped
Pseudokirchneriella subcapitata,Pseudokirchneriella,Catalogue of Life,bumped
Oscillatoria jovis,Oscillatoria,Catalogue of Life,bumped
Anabena,NA,NA,na
Golden flagellates,Golden,EOL,bumped
Euglena small,Euglena,Catalogue of Life,bumped
Bdelodea,NA,NA,na
Synechoccus,NA,NA,na
Non identified ciliate,NA,NA,na
Small scuticociliata,NA,NA,na
Tintinidium sp.,NA,NA,na
Copepod nauplii,Copepod,EOL,bumped
Polyarthra aff. vulgaris,Polyarthra,Catalogue of Life,bumped
Trichocerca dixon nuttali,Trichocerca,Catalogue of Life,bumped
Cyclopoida nauplii,Cyclopoida,Catalogue of Life,bumped
Cyclopoida copepodid,Cyclopoida,Catalogue of Life,bumped
Small greens,NA,NA,na
Small chrysophytes,NA,NA,na
Copepodite,NA,NA,na
Ciclopoida,NA,NA,na
Chlorococcoum sp.,NA,NA,na
Neochloris oleoabundans,Neochloris,Catalogue of Life,bumped
Euglenofita,NA,NA,na
Peridinial,NA,NA,na
Plagioselmis nannoplanctonica,Plagioselmis,Catalogue of Life,bumped
Fitoflagelado,NA,NA,na
Carteria compressa,Carteria,Catalogue of Life,bumped
Chlamydomonas lobata,Chlamydomonas,Catalogue of Life,bumped
Volvocal sp.2,NA,NA,na
Volvocal sp.1,NA,NA,na
Dinoflagelado desnudo,NA,NA,na
Phacus agilis,Phacus,Catalogue of Life,bumped
Trachelomonas sydneyensis var. minor,Trachelomonas minor,EOL,var.f
Raphydophyta,NA,NA,na
Pseudocuadrigula sp,NA,NA,na
Polynucleobacterwuianus,NA,NA,na
Polynucleobacterasymbioticus,NA,NA,na
Polynucleobacterduraquae,NA,NA,na
Polynucleobactersinensis,NA,NA,na
Polynucleobacteryangtzensis,NA,NA,na
Fragilaria pinnata var. intercedens,Fragilaria pinnata intercedens,EOL,var.f
Aulacoseira granulata var. valida,Aulacoseira granulata valida,EOL,var.f
Fragilaria brevistriata var. inflata,Fragilaria brevistriata inflata,EOL,var.f
Bothriococcus,NA,NA,na
Nitzchia,NA,NA,na
Trichodina diaptomi,Trichodina,Catalogue of Life,bumped
Clamydomonas sajao,NA,NA,na
Planctonema lacustris,Planctonema,Catalogue of Life,bumped
Small flagelates,NA,NA,na
Asplachna sp.,NA,NA,na
Chrysomonad,NA,NA,na
Chlamydocapsa cingulata,Chlamydocapsa,Catalogue of Life,bumped
Vorticella aquadulcis,Vorticella,Catalogue of Life,bumped
Coconeis sp.,NA,NA,na
Kirchneriella bibraiana,Kirchneriella,Catalogue of Life,bumped
Volvocales,Volvocales,Catalogue of Life,juvenile
Dolichospermum variabilis,Dolichospermum,EOL,bumped
Heterolepadella ehrenbergi,Heterolepadella,EOL,bumped
Comasiella arcuata var. platydisca,Comasiella arcuata platydisca,EOL,var.f
Oscillatoria rosea,Oscillatoria,Catalogue of Life,bumped
Lecane lunaris ehrenberg,Lecane,Catalogue of Life,bumped
Lecane quadridentata ehrenberg,Lecane,Catalogue of Life,bumped
Macrochetus sp.,NA,NA,na
Nauplii cyclopoida,NA,NA,na
Nauplii calanoida,NA,NA,na
Nauplii harpacticoida,NA,NA,na
Cyclopoida copepodite,Cyclopoida,Catalogue of Life,bumped
Acutodesmus acuminatus,Acutodesmus,Catalogue of Life,bumped
Akanthochloris ssp,NA,NA,na
Amphidinium geitleri,Amphidinium,EOL,bumped
Amphidinium lohammari,Amphidinium,EOL,bumped
Aphanothece clathrata var. brevis,Aphanothece clathrata brevis,EOL,var.f
Aphanothece endophytica,Aphanothece,Catalogue of Life,bumped
Artrospira ssp,NA,NA,na
Astasia vacuolata,Astasia,Catalogue of Life,bumped
Bicosoeca lauterbornii,Bicosoeca,EOL,bumped
Bicosoeca mitra var. suecica,Bicosoeca mitra suecica,EOL,var.f
Bicosoeca planctonica var. multiannulata,Bicosoeca planctonica multiannulata,EOL,var.f
Borzia endophytica,Borzia,Catalogue of Life,bumped
Carteria sphaerica,Carteria,Catalogue of Life,bumped
Centritractus globulosus,Centritractus,Catalogue of Life,bumped
Centritractus pseudobrunneus,Centritractus,Catalogue of Life,bumped
Centritractus rotundatus,Centritractus,Catalogue of Life,bumped
Centritractus selliferus,Centritractus,Catalogue of Life,bumped
Chaetopeltis orbicularis f. megalocystis,Chaetopeltis orbicularis megalocystis,EOL,var.f
Characiopsis aculeata,Characiopsis,Catalogue of Life,bumped
Characiopsis crassirostrum,Characiopsis,Catalogue of Life,bumped
Characiopsis obliqua,Characiopsis,Catalogue of Life,bumped
Characiopsis spina,Characiopsis,Catalogue of Life,bumped
Characiopsis subulata var. ensiformis,Characiopsis subulata,EOL,var.f
Characiopsis varians,Characiopsis,Catalogue of Life,bumped
Characiopsis ventricosa,Characiopsis,Catalogue of Life,bumped
Characium subconstrictum,Characium,Catalogue of Life,bumped
Chlorangiopsis systylis,Chlorangiopsis,Catalogue of Life,bumped
Chlorella saccharophila,Chlorella,Catalogue of Life,bumped
Chromulina crassa,Chromulina,Catalogue of Life,bumped
Chroococcus dispersus var. minor,Chroococcus dispersus minor,EOL,var.f
Chroococcus limneticus var. elegans,Chroococcus limneticus elegans,EOL,var.f
Chroococcus siderochlamys,Chroococcus,Catalogue of Life,bumped
Chroomonas nordstedtii f. minor,Chroomonas nordstedtii,EOL,var.f
Chroostipes linearis,NA,NA,na
Chrysamoeba scherffelii,Chrysamoeba,Catalogue of Life,bumped
Chrysochromulina brevifilum,Chrysochromulina,Catalogue of Life,bumped
Chrysochromulina chiton,Chrysochromulina,Catalogue of Life,bumped
Chrysochromulina ericina,Chrysochromulina,Catalogue of Life,bumped
Chrysochromulina fragaria,Chrysochromulina,Catalogue of Life,bumped
Chrysochromulina hirta,Chrysochromulina,Catalogue of Life,bumped
Chrysochromulina kappa,Chrysochromulina,Catalogue of Life,bumped
Chrysochromulina minor,Chrysochromulina,Catalogue of Life,bumped
Chrysococcus ovoides,Chrysococcus,Catalogue of Life,bumped
Chrysococcus rufescens f. tripora,Chrysococcus rufescens tripora,EOL,var.f
Chrysolykos angulatus f. bicornis,Chrysolykos angulatus f. bicornis,EOL,var.f
Chrysoxys rhizopodica,Chrysoxys,Catalogue of Life,bumped
Closterium calosporum var. brasiliense,Closterium calosporum brasiliense,EOL,var.f
Closterium closterioides var. intermedium,Closterium closterioides intermedium,EOL,var.f
Closterium dianae var. arcuatum,Closterium dianae arcuatum,EOL,var.f
Closterium dianae var. minus,Closterium dianae minus,EOL,var.f
Closterium gracile var. elongatum,Closterium gracile elongatum,EOL,var.f
Closterium leibleinii var. boergesenii,Closterium leibleinii boergesenii,EOL,var.f
Closterium limneticum var. fallax,Closterium limneticum fallax,EOL,var.f
Closterium limneticum var. tenue,Closterium limneticum tenue,EOL,var.f
Closterium littorale var. crassum,Closterium littorale crassum,EOL,var.f
Closterium nordstedtii var. polystictum,Closterium nordstedtii polystichum,EOL,var.f
Closterium ralfsii var. hybridum,Closterium ralfsii hybridum,EOL,var.f
Closterium strigosum var. elegans,Closterium strigosum elegans,EOL,var.f
Closterium submoniliferum var. malinvernianum,Closterium malinvernianum,EOL,var.f
Closterium tumidum var. nylandicum,Closterium tumidum nylandicum,EOL,var.f
Coccomyxa lunaris,Coccomyxa,Catalogue of Life,bumped
Coelastrum cambricum var. intermedium,Coelastrum cambricum intermedium,EOL,var.f
Coelastrum microporum var. octaedricum,Coelastrum microporum octaedricum,EOL,var.f
Coelastrum microporum var. punctatum,Coelastrum microporum punctatum,EOL,var.f
Coenochloris diplococca,Coenochloris,Catalogue of Life,bumped
Coenochloris mucosa,Coenochloris,Catalogue of Life,bumped
Coenochloris polycocca,Coenochloris,Catalogue of Life,bumped
Coenocystis diplococca,Coenocystis,Catalogue of Life,bumped
Colacium vesiculosum f. arbuscula,Colacium vesiculosum arbuscula,EOL,var.f
Cosmarium abbreviatum var. germanicum,Cosmarium abbreviatum germanicum,EOL,var.f
Cosmarium abbreviatum var. minus,Cosmarium abbreviatum minus,EOL,var.f
Cosmarium abbreviatum var. planctonicum,Cosmarium abbreviatum planctonicum,EOL,var.f
Cosmarium biretum var. trigibberum,Cosmarium biretum var. trigibberum,EOL,var.f
Cosmarium botrytis var. subtumidum,Cosmarium botrytis subtumidum,EOL,var.f
Cosmarium contractum var. ellipsoideum,Cosmarium contractum ellipsoideum,EOL,var.f
Cosmarium contractum var. minutum,Cosmarium contractum minutum,EOL,var.f
Cosmarium cucumis var. helveticum,Cosmarium cucumis helveticum,EOL,var.f
Cosmarium holmiense var. integrum,Cosmarium holmiense var. integrum,EOL,var.f
Cosmarium impressulum f. minor,Cosmarium minor,EOL,var.f
Cosmarium laeve var. pseudoctangulare,Cosmarium laeve pseudooctangulare,EOL,var.f
Cosmarium ornatulum var. depressum,Cosmarium ornatulum depressum,EOL,var.f
Cosmarium pachydermum var. aethiopicum,Cosmarium pachydermum aethiopicum,EOL,var.f
Cosmarium phaseolus f. minor,Cosmarium phaseolus minor,EOL,var.f
Cosmarium polygonum var. acutius,Cosmarium polygonum acutius,EOL,var.f
Cosmarium punctulatum var. subpunctulatum,Cosmarium punctulatum var. subpunctulatum,EOL,var.f
Cosmarium pygmaeum var. apertum,Cosmarium pygmaeum apertum,EOL,var.f
Cosmarium pygmaeum var. perornatum,Cosmarium pygmaeum perornatum,EOL,var.f
Cosmarium regnesii var. montanum,Cosmarium regnesi montanum,EOL,var.f
Cosmarium regnesii var. polonicum,Cosmarium regnesii polonicum,EOL,var.f
Cosmarium reniforme var. depressum,Cosmarium depressum,EOL,var.f
Cosmarium reniforme var. elevatum,Cosmarium reniforme elevatum,EOL,var.f
Cosmarium sphagnicola var. pachygonum,Cosmarium sphagnicola pachygonum,EOL,var.f
Cosmarium subspeciosum var. transiens,Cosmarium subspeciosum transiens,EOL,var.f
Cosmarium subtumidum var. klebsii,Cosmarium subtumidum klebsii,EOL,var.f
Cosmarium tinctum var. tumidum,Cosmarium tinctum tumidum,EOL,var.f
Cosmarium venustum var. excavatum,Cosmarium venustum excavatum,EOL,var.f
Crucigenia quadrata var. secta,Crucigenia quadrata secta,EOL,var.f
Crucigeniella neglecta,Crucigeniella,Catalogue of Life,bumped
Cryptomonas butschlii,Cryptomonas,Catalogue of Life,bumped
Desmarella sphaeroidea,Desmarella,Catalogue of Life,bumped
Desmodesmus armatus var. bicaudatus,Desmodesmus armatus bicaudatus,EOL,var.f
Desmodesmus armatus var. spinosus,Desmodesmus armatus spinosus,EOL,var.f
Desmodesmus denticulatus var. linearis,Desmodesmus denticulatus linearis,EOL,var.f
Desmodesmus opoliensis var. carinatus,Desmodesmus opoliensis carinatus,EOL,var.f
Diacanthos belenophorus,Diacanthos,Catalogue of Life,bumped
Dictyosphaerium anomalum,Dictyosphaerium,Catalogue of Life,bumped
Dictyosphaerium sphagnale,Dictyosphaerium,Catalogue of Life,bumped
Dictyosphaerium tetrachotomum var. minutum,Dictyosphaerium tetrachotomum minutum,EOL,var.f
Diplochloris hortobagyi,Diplochloris,Catalogue of Life,bumped
Epipyxis lauterbornii var. mucicola,Epipyxis lauterbornii mucicola,EOL,var.f
Epipyxis utriculus var. acuta,Epipyxis utriculus acuta,EOL,var.f
Euastrum humerosum var. affine,Euastrum humerosum affine,EOL,var.f
Euglena deses f. klebsii,Euglena deses klebsii,EOL,var.f
Euglena gigas,Euglena,Catalogue of Life,bumped
Euglena oxyuris f. maior,Euglena oxyuris maior,EOL,var.f
Euglena oxyuris f. skvortzovii,Euglena oxyuris skvortzovii,EOL,var.f
Euglena oxyuris var. minor,Euglena oxyuris minor,EOL,var.f
Euglena spatirhyncha,Euglena,Catalogue of Life,bumped
Euglena spirogyra var. fusca,Euglena spirogyra fusca,EOL,var.f
Glenodinium foliaceum,Glenodinium,EOL,bumped
Gloeococcus planctogloea,Gloeococcus,Catalogue of Life,bumped
Gymnodinium acuminatum,Gymnodinium,Catalogue of Life,bumped
Gymnodinium chlorophorum,Gymnodinium,Catalogue of Life,bumped
Gymnodinium fissum,Gymnodinium,Catalogue of Life,bumped
Gymnodinium halophilum,Gymnodinium,Catalogue of Life,bumped
Gymnodinium inversum var. elongatum,Gymnodinium inversum elongatum,EOL,var.f
Gymnodinium tenuissimum,Gymnodinium,Catalogue of Life,bumped
Gymnodinium uncatenatum,Gymnodinium,Catalogue of Life,bumped
Katodinium bohemicum,Katodinium,EOL,bumped
Katodinium schilleri,Katodinium,EOL,bumped
Katodinium spirodinioides,Katodinium,EOL,bumped
Kephyrion haemispaericum,Kephyrion,Catalogue of Life,bumped
Kephyriopsis entzii,Kephyriopsis,EOL,bumped
Keratococcus braunii,Keratococcus,Catalogue of Life,bumped
Kirchneriella concorta,Kirchneriella,Catalogue of Life,bumped
Kirchneriella rotunda,Kirchneriella,Catalogue of Life,bumped
Lagerheimia longiseta var. major,Lagerheimia longiseta major,EOL,var.f
Leiblenia ssp,NA,NA,na
Lepocinclis ovum var. buetschlii,Lepocinclis ovum buetschlii,EOL,var.f
Leptolyngbya edaphica,Leptolyngbya,Catalogue of Life,bumped
Leptolyngbya rivularium,Leptolyngbya,Catalogue of Life,bumped
Leptolyngbya tenius,Leptolyngbya,Catalogue of Life,bumped
Mallomonas bacterium,NA,NA,na
Mallomonas tonsurata var. alpina,Mallomonas tonsurata alpina,EOL,var.f
Menoidium costatum,Menoidium,Catalogue of Life,bumped
Microcystis pulverea f. delicatissima,Microcystis delicatissima,Catalogue of Life,var.f
Microglena subglobosa,Microglena,Catalogue of Life,bumped
Monallanthus ssp,NA,NA,na
Nephrocytium allonthoideum,Nephrocytium,Catalogue of Life,bumped
Nephroselmis pelagica,Nephroselmis,Catalogue of Life,bumped
Netrium digitus var. naegelii,Netrium digitus naegelii,EOL,var.f
Ochromonas coronifera,Ochromonas,Catalogue of Life,bumped
Ochromonas nana,Ochromonas,Catalogue of Life,bumped
Ochromonas ornata,Ochromonas,Catalogue of Life,bumped
Ochromonas sociabilis,Ochromonas,Catalogue of Life,bumped
Ochromonas sphaerella,Ochromonas,Catalogue of Life,bumped
Oocystis ecballocystiformis,Oocystis,Catalogue of Life,bumped
Oocystis submarina var. variabilis,Oocystis submarina variabilis,EOL,var.f
Oocystis taionensis,Oocystis,Catalogue of Life,bumped
Pediastrum simplex var. radians,Pediastrum simplex radians,EOL,var.f
Pediastrum simplex var.duodenarium,Pediastrum simplex duodenarium,EOL,var.f
Pediastrum tetras var. apiculatum,Pediastrum tetras apiculatum,EOL,var.f
Pediastrum tetras var. excisum,Pediastrum tetras,EOL,var.f
Peridiniopsis reticulata,Peridiniopsis,EOL,bumped
Peridinium umbonatum var. goslaviense,Peridinium goslaviense,EOL,var.f
Phacus caudatus var. minor,Phacus caudatus minor,EOL,var.f
Phacus monilatus var. suecicus,Phacus monilatus suecicus,EOL,var.f
Phacus orbicularis f. minor,Phacus orbicularis minor,EOL,var.f
Phacus pyrum var. pseudonordstedtii,Phacus pyrum pseudonordstedtii,EOL,var.f
Podohedra falcata,Podohedra,Catalogue of Life,bumped
Polygoniochloris tetragona,Polygoniochloris,Catalogue of Life,bumped
Porphyrosihon ssp,NA,NA,na
Prismatella parvulus,Prismatella,Catalogue of Life,bumped
Protococcus wimmeri,Protococcus,Catalogue of Life,bumped
Prymnesium parvum f. patelliferum,Prymnesium parvum patelliferum,EOL,var.f
Pseudochlorangium anomalum,Pseudochlorangium,Catalogue of Life,bumped
Pseudodictyosphaerium elegans,Pseudodictyosphaerium,Catalogue of Life,bumped
Pseudokephyrion gallicum,Pseudokephyrion,Catalogue of Life,bumped
Pseudokephyrion inflatum,Pseudokephyrion,Catalogue of Life,bumped
Pseudokephyrion pilidum,Pseudokephyrion,Catalogue of Life,bumped
Pseudokephyrion urnula,Pseudokephyrion,Catalogue of Life,bumped
Rhodomonas lacustris var. nannoplanctica,Rhodomonas lacustris nannoplanctica,EOL,var.f
Scenedesmus acutus f. tetradesmiformis,Scenedesmus tetradesmiformis,EOL,var.f
Scenedesmus arcuatus var. platydiscus,Scenedesmus arcuatus platydisca,EOL,var.f
Scenedesmus armatus var. bicaudatus,Scenedesmus armatus bicaudatus,EOL,var.f
Scenedesmus armatus var. longispina,Scenedesmus longispina,EOL,var.f
Scenedesmus armatus var. platydiscus,Scenedesmus armatus platydiscus,EOL,var.f
Scenedesmus bellospinosus,Scenedesmus,Catalogue of Life,bumped
Scenedesmus columnatus,Scenedesmus,Catalogue of Life,bumped
Scenedesmus costatus,Scenedesmus,Catalogue of Life,bumped
Scenedesmus denticulatus var. linearis,Scenedesmus denticulatus linearis,EOL,var.f
Scenedesmus intermedius var. acutispinus,Scenedesmus,Catalogue of Life,var.f
Scenedesmus intermedius var. balatonicus,Scenedesmus intermedius balatonicus,EOL,var.f
Scenedesmus obtusus var. alternans,Scenedesmus obtusus alternans,EOL,var.f
Scenedesmus pectinatus,Scenedesmus,Catalogue of Life,bumped
Scenedesmus pleiomorphus,Scenedesmus,Catalogue of Life,bumped
Scenedesmus pseudohelveticus,Scenedesmus,Catalogue of Life,bumped
Scenedesmus quadricauda var. longispina,Scenedesmus quadricauda longispina,EOL,var.f
Scenedesmus quadricauda var. maximus,Scenedesmus quadricauda maximus,EOL,var.f
Scenedesmus quadricauda var. mirificus,Scenedesmus mirificus,EOL,var.f
Scenedesmus quadricauda var. quadrispina f. spinosus,Scenedesmus quadrispina,EOL,var.f
Scenedesmus raciborskii,Scenedesmus,Catalogue of Life,bumped
Scenedesmus tortuosus,Scenedesmus,Catalogue of Life,bumped
Siderocystopsis fusca,Siderocystopsis,Catalogue of Life,bumped
Sphaerellopsis gloeosphaera,Sphaerellopsis,Catalogue of Life,bumped
Sphaerellopsis lateralis,Sphaerellopsis,Catalogue of Life,bumped
Sphaerellopsis mucosa,Sphaerellopsis,Catalogue of Life,bumped
Sphaerellopsis velata,Sphaerellopsis,Catalogue of Life,bumped
Spiniferomonas serrata,Spiniferomonas,Catalogue of Life,bumped
Stokesiella minutissima,Stokesiella,Catalogue of Life,bumped
Strombomonas verrucosa var. zmiewika,Strombomonas verrucosa zmiewika,EOL,var.f
Stylochrysalis libera,Stylochrysalis,Catalogue of Life,bumped
Syncrypta elaeochrus,Syncrypta,Catalogue of Life,bumped
Tetrablepharis obovalis,Tetrablepharis,Catalogue of Life,bumped
Tetrademus ssp,NA,NA,na
Tetraedron schmidlei,Tetraedron,Catalogue of Life,bumped
Tetraerdon caudatum,NA,NA,na
Tetraerdon triangulare,NA,NA,na
Tetraselmis elegans,Tetraselmis,Catalogue of Life,bumped
Tetraspora lubrica var. lacunosa,Tetraspora lubrica lacunosa,EOL,var.f
Trachelomonas armata var. longa,Trachelomonas armata longa,EOL,var.f
Trachelomonas armata var. steinii,Trachelomonas armata steinii,EOL,var.f
Trachelomonas hispida var. acuminata,Trachelomonas hispida acuminata,EOL,var.f
Trachelomonas hispida var. caudata,Trachelomonas hispida caudata,EOL,var.f
Trachelomonas hispida var. coronata,Trachelomonas hispida coronata,EOL,var.f
Trachelomonas hispida var. crenulatocollis,Trachelomonas hispida crenulatocollis,EOL,var.f
Trachelomonas lacustris var. ovalis,Trachelomonas lacustris ovalis,EOL,var.f
Trachelomonas planctonica var. oblonga,Trachelomonas planctonica oblonga,EOL,var.f
Trachelomonas scabra var. labiata,Trachelomonas scabra labiata,EOL,var.f
Trachelomonas volzii var. intermedia,Trachelomonas volzii intermedia,EOL,var.f
Uroglena eustylis,Uroglena,Catalogue of Life,bumped
A sterionella formosa,NA,NA,na
Cryptornonas erosa,NA,NA,na
Cryptornonas ovata,NA,NA,na
Gymnodiniurn sp .,NA,NA,na
Chrooccocus turgidus,NA,NA,na
Daphnia ambiuga,Daphnia,Catalogue of Life,bumped
Gleocapsa sp.,NA,NA,na
Planktothrix aghardii,Planktothrix,Catalogue of Life,bumped
Borgheillia dodgei,NA,NA,na
Polyarthra dolycoptera,Polyarthra,Catalogue of Life,bumped
Synchatea pectinata,NA,NA,na
Cymbopleura solea,Cymbopleura,EOL,bumped
Tetrastnun staurogeniaeforme,NA,NA,na
Crucigenia divergens,Crucigenia,Catalogue of Life,bumped
Thalassiosira cleve sp.1,NA,NA,na
Actinastrwn fluviatile,NA,NA,na
Tetrastrumelegans playfair,NA,NA,na
Synedra acusvar,Synedra,EOL,bumped
Melosira granulata var. angustissima,Melosira granulata angustissima,EOL,var.f
Chlorella fusca var. vacuolata,Chlorella fusca,EOL,var.f
Desmodesmus obliquus,Desmodesmus,Catalogue of Life,bumped
Pyxicola ovata,Pyxicola,Catalogue of Life,bumped
Pyxicola psammata,Pyxicola,Catalogue of Life,bumped
Acantholebris cruvirostris,NA,NA,na
Calanoid copepodid,NA,NA,na
Cyclopoid copepodid,NA,NA,na
Cyclops columbianus,Cyclops columbianus,Catalogue of Life,juvenile
Harpacticoid,NA,NA,na
Onychodiaptomus singuienus,Onychodiaptomus,Catalogue of Life,bumped
Ostracod,NA,NA,na
Unapertura latens,NA,NA,na
Actinotaenium silvae-nigrae var. paralellum,Actinotaenium silvae-nigrae,EOL,var.f
Closterium archearium,Closterium,Catalogue of Life,bumped
Closterium bayllianum,Closterium,Catalogue of Life,bumped
Closterium cornu var. upsaliense,Closterium cornu upsaliense,EOL,var.f
Cosmarium blyttii var. novae-sylvae,Cosmarium blyttii novae-sylvae,EOL,var.f
Cosmarium botrytis var. medioleave,Cosmarium botrytis,EOL,var.f
Cosmarium botrytis var. tumidum,Cosmarium botrytis tumidum,EOL,var.f
Cosmarium conspersum var. latum,Cosmarium conspersum var. latum,EOL,var.f
Cosmarium contractum var. minimum,Cosmarium minimum,EOL,var.f
Cosmarium formosum,Cosmarium,Catalogue of Life,bumped
Cosmarium laeve var. octangulare,Cosmarium laeve octangulare,EOL,var.f
Cosmarium moniliferum var. panduriforme,Cosmarium panduriforme,EOL,var.f
Cosmarium monomazum var. polymazum,Cosmarium monomazum polymazum,EOL,var.f
Cosmarium pachydermum var. aerotopica,Cosmarium pachydermum,EOL,var.f
Cosmarium pseudonitidulum var. validum,Cosmarium pseudonitidulum var. validum,EOL,var.f
Cosmarium quadratulum var. boldii,Cosmarium quadratulum var. boldtii,EOL,var.f
Cosmarium subtumidum var. groenbladii,Cosmarium subtumidum var. groenbladii,EOL,var.f
Euastrum ansatum var. ansatum,Euastrum ansatum ansatum,EOL,var.f
Euastrum ansatum var. rhomboidale,Euastrum ansatum rhomboidale,EOL,var.f
Euastrum binale var. gutwinskii,Euastrum binale gutwinskii,EOL,var.f
Euastrum crassum var. microcephalum,Euastrum crassum microcephalum,EOL,var.f
Euastrum luetkemulleri var. carnicolicum,Euastrum lutkemulleri,EOL,var.f
Hyalotheca dissiliens var. minor,Hyalotheca dissiliens minor,EOL,var.f
Micrasterias truncata var. quadrata,Micrasterias truncata quadrata,EOL,var.f
Micrasterias truncata var. semiradiata,Micrasterias truncata semiradiata,EOL,var.f
Sphaerozosma umbertianum,Sphaerozosma,Catalogue of Life,bumped
Staurastrum boreale var. quadriradiatum,Staurastrum boreale quadriradiatum,EOL,var.f
Staurastrum brebbisonii,Staurastrum,Catalogue of Life,bumped
Staurastrum micron var. spinulosum,Staurastrum micron spinulosum,EOL,var.f
Staurastrum orbiculare var. orbiculare,Staurastrum orbiculare orbiculare,EOL,var.f
Staurastrum polymorphum var. pigmaeum,Staurastrum polymorphum pygmaeum,EOL,var.f
Staurastrum proboscideum var. productum,Staurastrum proboscideum productum,EOL,var.f
Staurastrum spongiosum var. perbifidum,Staurastrum spongiosum perbifidum,EOL,var.f
Staurastrum symonii,Staurastrum,Catalogue of Life,bumped
Staurodesmus dejectus var. brevispinus,Staurodesmus dejectus brevispinus,EOL,var.f
Tetmemorus leavis var. minutus,Tetmemorus minutus,EOL,var.f
Xanthidium antilopaeum var. leave,Xanthidium antilopaeum leve,EOL,var.f
Xanthidium antilopaeum var. planum,Xanthidium antilopaeum planum,EOL,var.f
Cyclops abyssorum copodites stage i,Cyclops stygius,Catalogue of Life,juvenile
Cyclops abyssorum copodites stage ii,Cyclops,Catalogue of Life,bumped
Calanoid nauplii,NA,NA,na
Copepd nauplii,NA,NA,na
Cyclopoid copepodites,NA,NA,na
Ankistrodesmus falcatus var. spirilliformis,Ankistrodesmus falcatus spirilliformis,EOL,var.f
Cyclotella praeterissima,Cyclotella,EOL,bumped
Oscillatoria amphigranulata,Oscillatoria,Catalogue of Life,bumped
Skeletonema costatuni,Skeletonema,EOL,bumped
Daphnia coregoni,Daphnia,Catalogue of Life,bumped
Calanus jinrnarchicus,Calanus,Catalogue of Life,bumped
Pseudodiaptornus hessei,NA,NA,na
Pseudencentrum cf. diglandula,NA,NA,na
Pseudencentrum cf. sutor,NA,NA,na
Mixed ciliates,Mixed,EOL,bumped
Strobilidium acutum,Strobilidium,Catalogue of Life,bumped
Small mixed ciliates,NA,NA,na
Staurophyra spp.,NA,NA,na
Brachionus tubicen,Brachionus,Catalogue of Life,bumped
Brachionusquadridentatus,NA,NA,na
Graptoleberis occidentalis,Graptoleberis,Catalogue of Life,bumped
Macrothris sp,NA,NA,na
Monommata ardnti,Monommata,Catalogue of Life,bumped
Monommata ventralis,Monommata,Catalogue of Life,bumped
Achnanthes flexella var. alpestris,Achnanthes flexella alpestris,EOL,var.f
Amphora ovalis var. pediculus,Amphora ovalis pediculus,EOL,var.f
Ankistrodesmus falcatus var. mirabilis,Ankistrodesmus falcatus mirabilis,EOL,var.f
Coccoid oval,NA,NA,na
Coccoid sphere,NA,NA,na
Cyclotella comensis var. 1,Cyclotella comensis,EOL,var.f
Cyclotella operculata var. unipunctata,Cyclotella operculata unipunctata,EOL,var.f
Cymbella minuta var. silesiaca,Cymbella minuta silesiaca,EOL,var.f
Diatoma tenue var. elongatum,Diatoma tenue elongatum,EOL,var.f
Dinobryon bavaricum var. vanhoeffenii,Dinobryon bavaricum vanhoeffenii,EOL,var.f
Fragilaria construens var. binodis,Fragilaria construens binodis,EOL,var.f
Fragilaria construens var. venter,Fragilaria construens venter,EOL,var.f
Navicula cryptocephala var. veneta,Navicula cryptocephala var. veneta,Catalogue of Life,var.f
Navicula pupula var. mutata,Navicula pupula mutata,EOL,var.f
Navicula radiosa var. tenella,Navicula radiosa var. tenella,Catalogue of Life,var.f
Oocystis gigas var. incrassata,Oocystis,Catalogue of Life,var.f
Stephanodiscus hantzschii f. hantzschii,Stephanodiscus hantzschii hantzschii,EOL,var.f
Synedra amphicephala var. austriaca,Synedra amphicephala austriaca,EOL,var.f
Synedra delicatissima var. angustissima,Synedra delicatissima angustissima,EOL,var.f
Synedra filiformis var. exilis,Synedra filiformis exilis,EOL,var.f
Synedra ulna var. biceps,Synedra ulna biceps,EOL,var.f
Synedra ulna var. chaseana,Synedra ulna chaseana,EOL,var.f
Tabellaria flocculosa var. geniculata,Tabellaria flocculosa geniculata,EOL,var.f
Unidentified chrysophyte flagellate,NA,NA,na
Unidentified chrysophyte ovoid,NA,NA,na
Unidentified coccoid cyanophyta,NA,NA,na
Unidentified coccoid spherical,NA,NA,na
Unidentified colonial greens,NA,NA,na
Unidentified flagellate,NA,NA,na
Unidentified flagellate ovoid,NA,NA,na
Unidentified flagellates fusiform,NA,NA,na
Unidentified pennales,NA,NA,na
Achnanthes clevei var. rostrata,Achnanthes clevei rostrata,EOL,var.f
Achnanthes lanceolata var. dubia,Achnanthes lanceolata dubia,EOL,var.f
Achnanthes lanceolata var. rostrata,Achnanthes lanceolata var. rostrata,EOL,var.f
Achnanthes lapponica var. ninckei,Achnanthes lapponica ninckei,EOL,var.f
Actinocyclus normanii f. subsalsa,Actinocyclus normanii subsalsa,EOL,var.f
Amphora ovalis var. affinis,Amphora ovalis affinis,EOL,var.f
Amphora veneta var. capitata,Amphora veneta capitata,EOL,var.f
Aulacoseira distans var. alpigena,Aulacoseira distans alpigena,EOL,var.f
Aulacoseira italica var. tenuissima,Aulacoseira italica tenuissima,EOL,var.f
Caloneis ventricosa var. minuta,Caloneis ventricosa minuta,EOL,var.f
Cymbella prostrata var. auerswaldii,Cymbella prostrata auerswaldii,EOL,var.f
Diatoma hiemale var. mesodon,Diatoma hiemale mesodon,EOL,var.f
Fragilaria construens var. minuta,Fragilaria construens minuta,EOL,var.f
Fragilaria construens var. pumila,Fragilaria construens pumila,EOL,var.f
Fragilaria leptostauron var. dubia,Fragilaria leptostauron dubia,EOL,var.f
Fragilaria pinnata var. lancettula,Fragilaria pinnata lancettula,EOL,var.f
Fragilaria vaucheriae var. capitellata,Fragilaria vaucheriae capitellata,EOL,var.f
Navicula capitata var. hungarica,Navicula capitata hungarica,EOL,var.f
Navicula capitata var. luneburgensis,Navicula capitata luneburgensis,EOL,var.f
Navicula contenta var. biceps,Navicula contenta biceps,EOL,var.f
Navicula elginensis var. lata,Navicula elginensis lata,EOL,var.f
Navicula menisculus var. upsaliensis,Navicula menisculus var. upsaliensis,Catalogue of Life,var.f
Navicula rhynchocephala var. amphiceros,Navicula rhynchocephala var. amphiceros,Catalogue of Life,var.f
Navicula salinarum var. intermedia,Navicula salinarum var. intermedia,Catalogue of Life,var.f
Navicula tuscula f. minor,Navicula tuscula minor,EOL,var.f
Stephanodiscus carconensis var. pusilla,Stephanodiscus carconensis pusilla,EOL,var.f
Surirella ovata var. salina,Surirella ovata salina,EOL,var.f
Synedra parasitica var. subconstricta,Synedra parasitica subconstricta,EOL,var.f
Unidentified centrales,NA,NA,na
Dictosphaerium ehrenbergainum,NA,NA,na
Eutetramorus polycoccus,Eutetramorus,Catalogue of Life,bumped
Geminella terricola,Geminella,Catalogue of Life,bumped
Trachelomonas planctonica var. hyalina,Trachelomonas hyalina,EOL,var.f
Ceriodaphnia quadrangular,Ceriodaphnia,Catalogue of Life,bumped
Anabaena ucrainica,Anabaena,Catalogue of Life,bumped
Anabaena spiroides klebahn var. crassa lemm.,Anabaena spiroides,Catalogue of Life,var.f
Diaphanosoma edmondsoni,Diaphanosoma,Catalogue of Life,bumped
Diaphanosoma kizakiensis,Diaphanosoma,Catalogue of Life,bumped
Moina siamensis,Moina,Catalogue of Life,bumped
Nauplius,Nauplius,Catalogue of Life,juvenile
Cyclops,Cyclops,Catalogue of Life,juvenile
Tintionnopsis,NA,NA,na
Cyclopoids,NA,NA,na
Anabaena sphaerica var. attenuata,Anabaena attenuata,EOL,var.f
Arthrospira platensis var. non-constricta,Arthrospira platensis non-constricta,EOL,var.f
Oscillatoria chlorina f. perchlorina,Oscillatoria chlorina,Catalogue of Life,var.f
Oscillatoria trichoides,Oscillatoria,Catalogue of Life,bumped
Euglena gracilis var. urophora,Euglena gracilis urophora,EOL,var.f
Lepocinclis conica,Lepocinclis,Catalogue of Life,bumped
Lepocinclis fusiformis var. amphirhynchus,Lepocinclis fusiformis amphirhynchus,EOL,var.f
Lepocinclis ovum var. angustatum,Lepocinclis ovum angustatum,EOL,var.f
Lepocinclis ovum var. dimidio-minor,Lepocinclis ovum dimidio-minor,EOL,var.f
Lepocinclis teres f. parvula,Lepocinclis teres parvula,EOL,var.f
Lepocinclis texta var. mammillata,Lepocinclis mammillata,EOL,var.f
Menoidium semilunare var. regulare,Menoidium,Catalogue of Life,var.f
Phacus agilis var. inversus,Phacus,Catalogue of Life,var.f
Strombomonas acuminata var. amphora,Strombomonas acuminata amphora,EOL,var.f
Strombomonas acuminata var. deflandreana,Strombomonas acuminata deflandreana,EOL,var.f
Strombomonas inconstans,Strombomonas,Catalogue of Life,bumped
Strombomonas praeliaris var. nana,Strombomonas praeliaris nana,EOL,var.f
Strombomonas rotunda f. hortobagyi,Strombomonas rotunda,EOL,var.f
Strombomonas subcurvata var. africana,Strombomonas,Catalogue of Life,var.f
Trachelomonas abrupta f. angustata,Trachelomonas abrupta angustata,EOL,var.f
Trachelomonas bacillifera f. sparsispina,Trachelomonas bacillifera,EOL,var.f
Trachelomonas curta var. minima,Trachelomonas curta minima,EOL,var.f
Trachelomonas dangeardii var. glabra,Trachelomonas dangeardii glabra,EOL,var.f
Trachelomonas globularis var. boyeri,Trachelomonas boyeri,EOL,var.f
Trachelomonas granulosa var. subglobosa,Trachelomonas granulosa subglobosa,EOL,var.f
Trachelomonas hexangulata var. hexagona,Trachelomonas,Catalogue of Life,var.f
Trachelomonas kelloggii var. nana,Trachelomonas kellogii nana,EOL,var.f
Trachelomonas lismorensis var. inermis,Trachelomonas lismorensis inermis,EOL,var.f
Trachelomonas oblonga var. australica,Trachelomonas oblonga australica,EOL,var.f
Trachelomonas obovata var. klebsiana,Trachelomonas obovata klebsiana,EOL,var.f
Trachelomonas orenburgika var. ornata,Trachelomonas ornata,EOL,var.f
Trachelomonas stokesiana f. meandrina,Trachelomonas stokesiana,EOL,var.f
Trachelomonas rugulosa var. obliqua,Trachelomonas rugulosa,EOL,var.f
Trachelomonas scabra var. coberensis,Trachelomonas coberensis,EOL,var.f
Trachelomonas scabra var. ovata f. minor,Trachelomonas minor,EOL,var.f
Trachelomonas sydneyensis var. minima,Trachelomonas sydneyensis minima,EOL,var.f
Trachelomonas sydneyensis var. obesa,Trachelomonas sydneyensis obesa,EOL,var.f
Trachelomonas varians f. globosa,Trachelomonas varians globosa,EOL,var.f
Trachelomonas verrucosa f. irregularis,Trachelomonas verrucosa irregularis,EOL,var.f
Trachelomonas verrucosa f. sparseornata,Trachelomonas,Catalogue of Life,var.f
Trachelomonas verrucosa var. macrotuberculata,Trachelomonas verrucosa,EOL,var.f
Trachelomonas verrucosa var. spirogyra,Trachelomonas spirogyra,EOL,var.f
Trachelomonas volvocina var. derephora,Trachelomonas volvocina derephora,EOL,var.f
Trachelomonas volvocinopsis var. khannae,Trachelomonas khannae,EOL,var.f
Aulacomonas submarina,Aulacomonas,Catalogue of Life,bumped
Chlamydomonas incisa,Chlamydomonas,Catalogue of Life,bumped
Desmodesmus abundans var. brevicauda,Desmodesmus abundans,EOL,var.f
Microspora amoena var. gracilis,Microspora amoena gracilis,EOL,var.f
Pediastrum simplex var. clathratum,Pediastrum simplex clathratum,EOL,var.f
Pseudopediastrum subgranulatum,Pseudopediastrum,Catalogue of Life,bumped
Pteromonas rugosa,Pteromonas,Catalogue of Life,bumped
Scenedesmus gutwinskii var. bacsensis,Scenedesmus gutwinskii,EOL,var.f
Scenedesmus opoliensis var. bicaudatus,Scenedesmus opoliensis bicaudatus,EOL,var.f
Scenedesmus protuberans f. danubianus,Scenedesmus,Catalogue of Life,var.f
Scenedesmus protuberans var. minor,Scenedesmus,Catalogue of Life,var.f
Sphaerellopsis aglo,Sphaerellopsis,Catalogue of Life,bumped
Tetraedron minimum f. apiculatum,Tetraedron minimum,EOL,var.f
Tetraedron octaedricum var. spinosum,Tetraedron octaedricum,EOL,var.f
Tetraedron trigonum f. minus-obtusum,Tetraedron trigonum,EOL,var.f
Tetraedron trigonum var. longispinum,Tetraedron longispinum,EOL,var.f
