original.taxa.name,resolved.taxa.name.manual,resolved.source.manual
Merismopedia cf. minima,NA,NA
Aphanothece clathrata var. rosea,Aphanothece clathrata var. rosea,manually
Aphanocapsa parasitica f. dinobryonis,Aphanocapsa parasitica,manually
Aphanocapsa parasitica f. dinobryonis single cell,Aphanocapsa parasitica,manually
Aphanocapsa elachista var. conferta,Aphanocapsa conferta,manually
Chlorophyceae small colony,Chlorophyceae,manually
Dictyosphaerium cf subsolitarium,NA,NA
Chlorella + choricysits,Chloraphyta,manually
Choricystis cf minor,Choricystis minor,manually
Choricystis minor,Choricystis minor,manually
Oscillatoria cf. limnetica,NA,NA
Pseudanabaena cf. tenuis,NA,NA
Coelosphaerium kutzingii,Coelosphaerium kuetzingianum,manually
Radiocystis aphaniticoidea,Radiocystis aphanothecoidea,manually
Chlorelloidea sp.,Myxococcoides chlorelloidea,manually
Schroederia antillarum,Pseudoschroederia antillarum,manually
Merismopedia cf. hyalina,NA,NA
Merismopedia cf. punctata,NA,NA
Komvophoron cf. skujae,NA,NA
Oscillatoria cf. janus,NA,NA
Ulothrix barrel cell somtimes surounded by mucous,Ulothrix,manually
Anabaena flos-aquae f. lemmermannii,Dolichospermum lemmermannii,manually
Anabaena flos-aquae var. treleasii,Dolichospermum mendotae,manually
Kirchneriella subcapitata,Raphidocelis subcapitata,manually
Limnotrix cf. planctonica,NA,NA
Woronichinia naegeliana f. cellulaire,Dolichospermum mendotae,manually
Chlorophyceae indetermined big,Chlorophyceae,manually
Aphanizomenon flos-aquae var. gracile,Aphanizomenon gracile,manually
Didymocystis planctonica,Pseudodidymocystis planctonica,manually
Cf mantellum sp.,Mantellum,manually
Microcystis cf. flos-aquae,NA,NA
Cylindrospermum bourget03,Cylindrospermum,manually
Choricystis cf chodatii,NA,NA
Kirchneriella contorta,Raphidocelis danubiana,manually
Pediastrum boryanum var. longicorne,Pseudopediastrum boryanum var. longicorne,manually
Pseudokephyrion striatum,Pseudokephyrion striatum,manually
Scenedesmus intermedius var. acaudatus,Scenedesmus intermedius var. acaudatus,manually
Oocystis cf. bispora,NA,NA
Scenedesmus lunatus,Desmodesmus lunatus,manually
Gomphonema intricatum var. pumila,Gomphonema vibrio var. pumilum,manually
Crucigeniella rectangularis,Willea rectangularis,manually
Aphanizomenon issatschenkoi,Cuspidothrix issatschenkoi,manually
Tribonema microchloron var. cylindricum,Tribonema microchloron var. cylindricum,manually
Stomatocyst 130,Chrysophyceae,manually
Anabaena oscillarioides f. elliptica,Anabaena oscillarioides f. elliptica,manually
Coenochloris pyrenoideum var. minimum,Coenochloris pyrenoidosa,manually
Tetrastrum punctatum,Lemmermannia punctata,manually
Scenedesmus intermedius var. bicaudatus,Desmodesmus intermedius var. acutispinus,manually
Quadrigula cf. closterioides,NA,NA
Tetrastrum komarekii,Lemmermannia komarekii,manually
Anabaena bergii var. limneticum,Anabaena minderi,manually
Scenedesmus bicaudatus var. brevicaudatus,Scenedesmus bicaudatus var. brevicaudatus,manually
Skeletonema cf subsalsum,NA,NA
Rhodomonas minuta var. nannoplanctica,Plagioselmis nannoplanctica,manually
Scenedesmus ecornis var. polymorphus,Scenedesmus ecornis var. polymorphus,manually
Stomatocyst 114,Chrysophyceae,manually
Cyclotella atomus var. gracilis,Cyclotella atomus var. gracilis,manually
Ulothrix short cell and broken filament,Ulothrix,manually
Tetraedron minimum f. tetralobulatum,Tetraedron minimum var. tetralobulatum,manually
Scenedesmus bicaudatus var. fenestratus,Desmodesmus bicaudatus,manually
Cell of dinobryon,Dinobryon,manually
Centric spp.,Bacillariophyceae,manually
Centric (cyclotella + stephanodiscus),Stephanodiscaceae,manually
Centric,Bacillariophyceae,manually
Scenedesmus acutus var. acutus,Tetradesmus obliquus,manually
Chroomonas cf coerulea,NA,NA
Heterothrix constricta,Xanthonema constrictum,manually
Chlorella cf ellipsoidea,NA,NA
Stichogloea olivacea var. sphaerica,Stichogloea olivacea var. sphaerica,manually
Stichogloea olivacea var. sphaerica single cell,Stichogloea olivacea var. sphaerica,manually
Ankyra flagellated zoospore,Ankyra,manually
Oscillatoria cf. major,NA,NA
Anabaena solitaria var. planctonica,Dolichospermum planctonicum,manually
Scenedesmus denticulatus var. fenestratus,Scenedesmus denticulatus var. fenestratus,manually
Cosmarium pygmaeum var. heimerlii,Cosmarium heimerlii,manually
Scenedesmus lefevrii var. manguinii,Scenedesmus lefevrei var. manguinii,manually
Bicoeca cf paropsis,NA,NA
Chrooccocus distans (4 cells),Chroococcus distans,manually
Cf. katodinium fongiforme,Katodinium fungiforme,manually
Dictyosphaerium cf tetrachotomum,Hindakia tetrachotoma,manually
Dinobryon sertularia var. protractum,Dinobryon sertularia,manually
Kirchneriella dichotomococcoides,Kirchneriella,manually
Stomatocyst fr1,Chrysophyceae,manually
Coenochloris ovalis,Neocystis ovalis,manually
Oscillatoria bourrellyi,Tychonema bourrellyi,manually
Scenedesmus disciformis f. disciformis,Scenedesmus obtusus f. disciformis,manually
Ulothrix cf. amphigranulata,NA,NA
Ochromonas cf. variabilis,NA,NA
Peridinium inconspicuum var. remotum,Parvodinium inconspicuum,manually
Anabaena spiroides f. minima,Anabaena spiroides f. minima,manually
Stomatocyst sp.,Chrysophyceae,manually
Chlamydomonas cf botryospora,Chlamydomonas botryopara,manually
Volvocale 4 flagella,Chlamydomonadales,manually
Fragilaria construens f. binodis,Staurosira binodis,manually
Scenedesmus intermedius var. intermedius,Desmodesmus intermedius,manually
Scenedesmus spinosus,Desmodesmus spinosus,manually
Scenedesmus opoliensis var. carinatus,Desmodesmus opoliensis var. carinatus,manually
Anabaena circinalis f. tenuis,Anabaena hassallii f. tenuis,manually
Dinobryon cf stokesii var. neustonicum,Dinobryon stokesii var. neustonicum,manually
Scenedesmus obtusus f. alternans,Scenedesmus obtusus,manually
Scenedesmus acutiformis,Acutodesmus acutiformis,manually
Aulacoseira granulata var. angustissima f. curvata,Aulacoseira granulata var. angustissima,manually
Pediastrum biradiatum,Pediastrum biradiatum,manually
Cyclotella cf. distinguenda var. unipunctata,Cyclotella distinguenda var. unipunctata,manually
Pediastrum duplex var. gracillimum,Lacunastrum gracillimum,manually
Staurodesmus incus f. minor,Staurodesmus incus f. minor,manually
Chlamydomonas gloeophila var. irregularis,Chlamydomonas gloeophila var. irregularis,manually
Chlorophyceae indetermined small,Chlorophyceae,manually
Fragilaria capucina var. vaucheriae,Fragilaria vaucheriae,manually
Oscillatoria cf. tenuis,NA,NA
Cosmarium polygonum var. hexagonum,Cosmarium polygonum var. hexagonum,manually
Scenedesmus acutus var. alternans,Scenedesmus acutus f. alternans,manually
Anabaena solitaria,Dolichospermum solitarium,manually
Mallomonas cf. minuta,NA,NA
Cyst 1 of chrysophyceae,Chrysophyceae,manually
Fragilaria construens f. venter,Staurosira venter,manually
Bicoeca cylindrica,Bicoeca cylindrica,manually
Oedogonium large cell bourget03,Oedogonium,manually
Ulothrix long cell,Ulothrix,manually
Stokesiella epipyxis,Stokesiella epipyxis,manually
Chromulina cf erkensis,Chromulina erkensis,manually
Fragilaria capucina var. radians,Fragilaria radians,manually
Cosmarium abbreviatum f. minor,Cosmarium abbreviatum var. minus,manually
Cryptomonas cf. lucens,NA,NA
Fragilaria tenera var. lemanensis,Fragilaria lemanensis,manually
Tribonema cf. ambiguum,NA,NA
Pediastrum simplex var. sturmii,Monactinus simplex var. sturmii,manually
Gomphonema parvulum var. exilissimum,Gomphonema exilissimum,manually
Scenedesmus protuberans,Desmodesmus protuberans,manually
Phacus cf. pusillus,NA,NA
Aulacoseira granulata var. angustissima,Aulacoseira granulata var. angustissima,manually
Cyst chrysophycee,Chrysophyceae,manually
Salpingoeca minor,Bicosta minor,manually
Palmeacea sp.,Palmellaceae,manually
Bicoeca cf. campanulata petit morphotype,Bicosoeca campanulata,manually
Epipyxis cylindrica,Epipyxis cylindrica,manually
Navicula clementis f. minor,Placoneis clementis,manually
Chlamydomonas conica var. subconica,Chlamydomonas conica,manually
Fragilaria ulna var. acus,Ulnaria acus,manually
Cyclotella costei f. petite aire centrale,Pantocsekiella costei,manually
Fotterella tetrachlorella,Fotterella tetrachlorella,manually
Dinobryon anneciense,Dinobryon anneciense,manually
Dinobryon sertularia var. protuberans,Dinobryon protuberans,manually
Aulacoseira cf ambigua,NA,NA
Closterium acutum var. linea,Closterium acutum var. linea,manually
Bicoeca planctonica,Bicoeca planktonica,manually
Dinobryon sociale var. americanum,Dinobryon sociale var. americanum,manually
Dinobryon sociale var. americanum plein,Dinobryon sociale var. americanum,manually
Dinobryon sociale var. americanum vide,Dinobryon sociale var. americanum,manually
Dinobryon sociale var. stipitatum,Dinobryon stipitatum,manually
Dinobryon sociale var. stipitatum plein,Dinobryon stipitatum,manually
Dinobryon sociale var. stipitatum vide,Dinobryon stipitatum,manually
Cyst 2 of chrysophyceae,Chrysophyceae,manually
Cryptomonas cf. pyrenoidifera,NA,NA
Surirella cf brebissonii,NA,NA
Polyedriopsis bitridens,Chlorotetraëdron bitridens,manually
Pandorina morum var. major,Pandorina morum f. major,manually
Sphaerellopsis aulata,Vitreochlamys aulata,manually
Cosmarium novae-semliae var. sibericum,Cosmarium novae-semliae var. sibericum,manually
Closterium acutum var. variabile,Closterium acutum var. variabile,manually
Bicoeca campanulata,Bicosoeca campanulata,manually
Katodinium hiemale,Borghiella pascheri,manually
Stomatocyst 153,Chrysophyceae,manually
Goniochloris cf. smithii,NA,NA
Cosmarium sexangulare var. minus,Cosmarium sexangulare var. minus,manually
Calycomonas pascheri,Ollicola pascheri,manually
Cyst of dinobryon,Dinophyceae,manually
Micro chlorophyceae,Chlorophyceae,manually
Tetraedron minimum var. scrobiculatum,Tetraedron minimum var. scrobiculatum,manually
Cosmarium phaseolus var. minus,Cosmarium phaseolus f. minus,manually
Stomatocyst 2 spines,Chrysophyceae,manually
Dinobryon cylindricum var. alpinum plein,Dinobryon cylindricum var. alpinum,manually
Dinobryon cylindricum var. alpinum vide,Dinobryon cylindricum var. alpinum,manually
Cysts of chrysophyceae,Chrysophyceae,manually
Stomatocyst 219,Chrysophyceae,manually
Cocconeis placentula var. euglypta,Cocconeis euglypta,manually
Stomatocyst 5 spines,Chrysophyceae,manually
Cosmarium subsalsum,Cosmarium subtumidum,manually
Ulothricophyceae sp.,Chlorophyceae,manually
Pseudostaurastrum alternans,Staurastrum alternans,manually
Closterium venus var. westii,Closterium venus var. westii,manually
Mallomonas cf. minima,NA,NA
Trachelomonas volvocina var. subglobosa,Trachelomonas volvocina var. subglobosa,manually
Stomatocyst 3 spines,Chrysophyceae,manually
Stomatocyst 62,Chrysophyceae,manually
Pseudostaurastrum hastatum var. palatinum,Pseudostaurastrum hastatum var. palatinum,manually
Cosmarium venustum var. minus,Cosmarium venustum var. minus,manually
Cryptomonas cf. brevis,NA,NA
Stomatocyst 4 spines,Chrysophyceae,manually
Cosmarium subcostatum var. minus,Cosmarium subcostatum var. minus,manually
Gymnodinium lantzschii f. major,Gymnodinium lantzschii,manually
Fragilaria ulna var. angustissima,Fragilaria ulna f. angustissima,manually
Ulnaria delicatissima var. angustissima,Ulnaria delicatissima var. angustissima,manually
Coenocystis planctonica var. hercynica,Palmococcus hercynicus,manually
Peridiniopsis umbonatum,Peridinium umbonatum,manually
Cyst of chrysophyceaes,Chrysophyceae,manually
Fragilaria berolinensis,Belonastrum berolinense,manually
Cymbella helvetica var. curta,Cymbella helvetica var. curta,manually
Stomatocyst 6 spines,Chrysophyceae,manually
Cosmarium subprotumidum var. gregorii,Cosmarium subprotumidum var. gregorii,manually
Cosmarium undulatum var. minutum,Cosmarium undulatum var. minutum,manually
Cyclotella cf. rossii,NA,NA
Peridinium inconspicuum var. contactum,Peridinium inconspicuum var. contactum,manually
Stephanodiscus hantzschii f. tenuis,Stephanodiscus hantzschii f. tenuis,manually
Cosmarium subcostatum var. subcostatum,Cosmarium subcosmetum var. minus,manually
Phacus pleuronectes var. pleuronectes,Phacus pleuronectes,manually
Closterium acutum var. latius,Closterium acutum var. latius,manually
Mallomonas cf. genevensis,NA,NA
Cosmarium depressum var. planctonicum,Cosmarium neodepressum var. planctonicum,manually
Peridinium umbonatum,Peridinium umbonatum,manually
Peridinium umbonatum var. conjectum f. spiniferum,Peridinium umbonatum f. spiniferum,manually
Nitzschia cf. linearis,NA,NA
Staurastrum johnsoni var. triradiatum,Staurastrum johnsoni var. triradiatum,manually
Staurastrum messikomerii f. planctonicum,Staurastrum pingue var. planctonicum,manually
Cyst of ceratium hirundinella,Ceratium hirundinella,manually
Cyst of peridinien,Peridinium,manually
Closterium cf. lanceolatum var. parvum,Closterium lanceolatum var. parvum,manually
Staurastrum sebaldii var. ornatum,Staurastrum sebaldii var. ornatum,manually
Staurastrum sebaldii var. ornatum f quadriradiata,Staurastrum manfeldtii,manually
Nitzschia cf. tryblionella,NA,NA
Cyclotella cf. quadrijuncta,NA,NA
Eunotia serra var. tetraodon,Eunotia tetraodon,manually
Cosmarium margaritiferum f. regularius,Cosmarium margaritiferum f. regularius,manually
Cosmarium pseudopyramidum,Cosmarium pseudopyramidatum,manually
Gymnodinium umberrinum,Gymnodinium uberrimum,manually
Staurastrum planctonicum var. bulbosum,Staurastrum bulbosum,manually
Cymatopleura solea var. regula,Surirella regula,manually
Cyclotella bodanica var. bodanica,Lindavia bodanica,manually
Cyclotella bodanica var. lemanensis,Cyclotella lemanensis,manually
Ankistrodesmus convolutus,Monoraphidium convolutum,manually
Oscillatoria agardhii,Planktothrix agardhii,manually
Oscillatoria lemmermanni,Anagnostidinema lemmermannii,manually
Scenedesmus intermedius,Desmodesmus intermedius,manually
Deasonia gigantica,Deasonia prolifera,manually
Deasonia gigantica,Deasonia prolifera,manually
Kephyrion gracilis,Kephyriopsis gracilis,manually
Oscillatoria minnesotensis,Phormidium minnesotense,manually
Anabaena crassa,Dolichospermum crassum,manually
Anabaena mendotae,Dolichospermum mendotae,manually
Aphanizomenon ovalisporum,Umezakia ovalisporum,manually
Kephyrion gracile,Kephyrion gracile,manually
Gomphosphaeria pallidum,Coelosphaerium pallidum,manually
Centric diatom,Bacillariophyceae,manually
Chroomonas rosenbergii,Chroomonas coerulea,manually
Tetracystis chlorococcoides,Chlorococcum chlorococcoides,manually
Achnanthidium duthii,Achnanthidium duthii,manually
Achnanthes lapponica,Eucocconeis quadratarea,manually
Achnanthes reimeri,Achnanthidium reimeri,manually
Amphora holsatica,Halamphora holsatica,manually
Cymbella subcuspidata,Cymbopleura subcuspidata,manually
Eunotia nymanii,Eunotia nymanniana,manually
Fragilaria elliptica,Pseudostaurosira elliptica,manually
Gomphonema geitleri,Gomphonema geitleri,manually
Navicula subatomoides,Psammothidium subatomoides,manually
Navicula canoris,Navigiolum canoris,manually
Navicula utermhii,Navicula utermhii,manually
Navicula sublucidula,Fallacia sublucidula,manually
Navicula evanida,Chamaepinnularia evanida,manually
Navicula wienzierlii,Sellaphora weinzierlii,manually
Nitzschia lancetulla,Nitzschia lancettula,manually
Opephora martyi,Staurosirella martyi,manually
Rhopalodia operculata,Epithemia operculata,manually
Encyonema perpussilum,Encyonema perpusillum,manually
Luticola naviculoides,Luticola minor,manually
Punctastriata pinnata,Staurosirella pinnata,manually
Rossithidium duthii,Rossithidium duthiei,manually
Encyonopsis evergladianum,Encyonopsis evergladianum,manually
Geissleria aikenensis,Navigeia aikenensis,manually
Cosmarium zygomorphum,Cosmarium zygomorphicum,manually
Gonium sociale,Tetrabaena socialis,manually
Scenedesmus quadricuada,Scenedesmus quadricauda,manually
Hapalosiphon hibernius,Hapalosiphon hibernicus,manually
Lyngbya lattisima,Microseira wollei,manually
Platessa hustedtii,Psammothidium hustedtii,manually
Pediastrum privum,Stauridium privum,manually
Anabaena smithii,Dolichospermum smithii,manually
Anabaena mucosa,Dolichospermum mucosum,manually
Dictyosphaerium tetrachotomum,Hindakia tetrachotoma,manually
Synechococcus gracilis,Romeria gracilis,manually
Pediastrum kawraiskyi,Pseudopediastrum kawraiskyi,manually
Bulbochaeta,Bulbochaete,manually
Amphiprora ornata,Entomoneis ornata,manually
Anabaena curva,Dolichospermum curvum,manually
Peridiniopsis edax,Tyrannodinium edax,manually
Chodatella citriformis,Lagerheimia citriformis,manually
Syncrypta perlata,Synuropsis perlata,manually
Didymocystis planktonica,Pseudodidymocystis planctonica,manually
Phormidium splendens,Phormidium splendens,manually
Stephanocodon socialis,Bicosoeca socialis,manually
Dictyosphaerium botrytella,Mychonastes botrytella,manually
Heterothrix tenuissima,Heterothrix tenuissima,manually
Merismopedia tenuis,Merismopedia tenuissima,manually
Nannochloris atomus,Picochlorum atomus,manually
Paralauterboniella,Paralauterborniella,manually
Stichtochironomus,Chironomus,manually
Pseudosmittia subtriloba,Pseudosmittia subtrilobata,manually
Echinopus giboni,Echinopus giboni,manually
Caenospella meridies,Caenospella meridies,manually
Caenospella,Caenospella,manually
Hyalophlebia patnciae,Hyalophlebia patnciae,manually
Nadinatella,Nadinatella,manually
Polypedilum subgenus pentapedium,Polypedilum,manually
Polypedilum subgenus polypedilum,Polypedilum,manually
Afrolochus harrisoni,Afrolochus harrisoni,manually
Madecocerus,Madecocerus,manually
Afroneurus ethiopicus,Afreumenes aethiopicus,manually
Adenophleboides,Adenophlebiodes,manually
Ictinogomphus ruwenzorica,Ictinogomphus ruwenzorica,manually
Ictinogomphus selysi,Ictinogomphus,manually
Ictinogomphus soror,Ictinogomphus soror,manually
Allocnemis singularis,Allocnemis singularis,manually
Ehteria elliptica,Etheria elliptica,manually
Chaoborus (sayomyia),Chaoborus,manually
Clogmia albopuncta,NA,NA
Thaumeliidae,Thaumaleidae,manually
Bosmina liederi/longirostris,Bosmina,manually
Bosminids spp.,Bosminidae,manually
Bythotrephes longimanus-(total),Bythotrephes longimanus,manually
Bythotrephes longimanus-(core),Bythotrephes longimanus,manually
Bythotrephes longimanus-(spine),Bythotrephes longimanus,manually
Ceriopdaphnia sp.,Ceriodaphnia,manually
Cyclops abyssorum,Cyclops abyssorum abyssorum,manually
Cyclops bicuspidatus,Diacyclops bicuspidatus bicuspidatus,manually
Cyclops bicuspidatus-thomasi,Diacyclops thomasi,manually
Cyclops bohater,Cyclops bohater bohater,manually
Cyclops kolensis,Cyclops kolensis kolensis,manually
Cyclops leuckarti,Mesocyclops leuckarti leuckarti,manually
Cyclops leuckarti-(m),Mesocyclops leuckarti,manually
Cyclops scutifer,Cyclops scutifer scutifer,manually
Cyclops strenuus,Cyclops strenuus strenuus,manually
Cyclops vernalis,Acanthocyclops vernalis vernalis,manually
Cyclops vicinus,Cyclops vicinus vicinus,manually
Daphniids spp.,Daphniidae,manually
Diaptomiids spp.,Diaptomus,manually
Diaptomus graciloides-(m),Eudiaptomus graciloides,manually
Harpacticoids spp.,Harpacticoida,manually
Cyclops furcifer,Cyclops furcifer furcifer,manually
Cyclops lacustris,Cyclops strenuus strenuus,manually
Cyclops insignis,Cyclops insignis,manually
Copepodit calanoida,Calanoida,manually
Copepodit cyclopoida,Cyclopoida,manually
Nauplii copepoda,Copepoda,manually
Chlorella minutissima,Mychonastes homosphaera,manually
Desmodesmus armatus var. longispina,Desmodesmus armatus var. longispina,manually
Dictyosphaerium pulchellum var. minutum,Dictyosphaerium pulchellum var. minutum,manually
Pseudopediastrum boryanum var. longicorne,Pseudopediastrum boryanum var. longicorne,manually
Scenedesmus armatus var. boglariensis,Desmodesmus armatus var. subalternans,manually
Scenedesmus denticulatus var. brevispinus,Scenedesmus brevispina,manually
Scenedesmus granulatus f. spinosus,Scenedesmus granulatus f. spinosus,manually
Scenedesmus lefevrei var. manguinii,Scenedesmus lefevrei var. manguinii,manually
Scenedesmus obtusus f. disciformis,Scenedesmus obtusus f. disciformis,manually
Scenedesmus quadricauda var. longispinus,Scenedesmus quadricauda var. longispinus,manually
Tetraedron minimum var. tetralobulatum,Tetraedron minimum var. tetralobulatum,manually
Dinobryon divergens var. schauinslandii,Dinobryon divergens var. schauinslandii,manually
Dinobryon suecicum var. longispinum,Dinobryon suecicum var. longispinum,manually
Kephyrion elegans,Kephyrion elegans,manually
Kephyrion welshii,Kephyrion welshii,manually
Synochromonas elaeochrus,Synuropsis elaeochrus,manually
Aulacoseira ambigua f. japonica,Aulacoseira ambigua f. japonica,manually
Cyclotella cretica var. cyclopuncta,Cyclotella cyclopuncta,manually
Ulnaria ulna var. acus,Ulnaria acus,manually
Trachelomonas volvocina var. punctata,Trachelomonas volvocina var. punctata,manually
Tetradriella,Tetradriella,manually
Aulacoseira ambigua f.  curvata,Aulacoseira ambigua f.  Curvata,manually
Achnanthes brevipes var. intermedia,Achnanthes brevipes var. intermedia,manually
Achnanthes brevipes var. brevipes,Achnanthes brevipes var. brevipes,manually
Achnanthes biasolettiana var. thienemannii,Achnanthidium thienemannii,manually
Amphora coffeaeformis var. acutiuscula,Halamphora acutiuscula,manually
Amphora coffeaeformis var. coffeaeformis,Halamphora coffeiformis,manually
Achnanthidium cf gracillimum,NA,NA
Achnanthidium minutissima var. affinis,Achnanthidium affine,manually
Adlafia minuscula var. muralis,Adlafia minuscula var. muralis,manually
Achnanthidium rosenstockianum,Achnanthidium rosenstockii,manually
Achnanthes exigua var. elliptica,Achnanthidium exiguum var. elliptica,manually
Achnanthes minutissima var. inconspicua,Achnanthidium lineare,manually
Achnanthes minutissima var. minutissima,Achnanthes minutissima var. minutissima,manually
Achnanthes minutissima var. jackii,Achnanthidium minutissimum var. jackii,manually
Achnanthes ploenensis var. gessneri,Kolbesia gessneri,manually
Achnanthes ploenensis var. ploenensis,Karayevia ploenensis,manually
Aulacoseira distans var. nivalis,Aulacoseira nivalis,manually
Bacillaria paxillifera var. paxillifer terato,Bacillaria paxillifera,manually
Bacillaria paxillifera var. paxillifera,Bacillaria paxillifera,manually
Cymbella excisa var. excisa,Cymbella excisa,manually
Cymbella affinis var. affinis,Cymbella affinis,manually
Caloneis amphisbaena f.  amphisbaena,Caloneis amphisbaena,manually
Cymbopleura frequens var. frequens,Cymbopleura frequens,manually
Cymbopleura kuelbsii var. kuelbsii,Cymbopleura kuelbsii,manually
Cymbopleura naviculiformis var. naviculiformis,Cymbopleura naviculiformis,manually
Cavinula cocconeiformis f.  elliptica,Cavinula cocconeiformis f.  Elliptica,manually
Cyclotella distinguenda var. distinguenda,Cyclotella distinguenda,manually
Cyclotella distinguenda-unipunctata,Cyclotella distinguenda var. unipunctata,manually
Cymbella excisa var. angusta,Cymbella affinis var. angusta,manually
Cymatopleura elliptica var. elliptica,Cymatopleura elliptica var. elliptica,manually
Cymbella excisiformis var. nonprotracta,Cymbella excisiformis var. nonprotracta,manually
Cymbella excisa var. procera,Cymbella affinis var. neoprocera,manually
Cymbella excisiformis var. excisiformis,Cymbella excisiformis,manually
Cymbella hustedtii var. hustedtii,Cymbella hustedtii,manually
Cymbella kolbei var. kolbei,Cymbella kolbe,manually
Cymbella laevis var. laevis,Cymbella laevis,manually
Cymbella lanceolata var. lanceolata,Cymbella lanceolata,manually
Cymbella neocistula var. neocistula,Cymbella neocistula,manually
Cymbella neoleptoceros var. neoleptoceros,Cymbella neoleptoceros,manually
Cocconeis placentula var. euglypta terato,Cocconeis euglypta,manually
Cocconeis placentula var. placentula,Cocconeis placentula var. placentula,manually
Cocconeis placentula var. lineata,Cocconeis lineata,manually
Cocconeis placentula var. klinoraphis,Cocconeis placentula var. klinoraphis,manually
Cocconeis placentula var. pseudolineata,Cocconeis pseudolineata,manually
Cymbella proxima var. proxima,Cymbella proxima,manually
Cymbopleura rhomboidea var. rhomboidea,Cymbopleura rhomboidea,manually
Cymatopleura solea var. apiculata,Surirella microlibrile,manually
Cymbopleura subaequalis var. subaequalis,Cymbopleura subaequalis,manually
Caloneis schumanniana var. biconstricta,Caloneis limosa,manually
Caloneis schumanniana var. biconstricta f.  minor,Caloneis limosa,manually
Cymatopleura solea var. solea,Surirella librile,manually
Cymbella subtruncata var. subtruncata,Cymbella subtruncata,manually
Cymbella turgidula var. turgidula,Cymbella turgidula,manually
Cymbella tropica var. tropica,Cymbella tropica,manually
Cymbella vulgata var. vulgata,Cymbella vulgata,manually
Diadesmis contenta var. biceps,Humidophila contenta,manually
Diadesmis confervacea var. confervacea,Diadesmis confervacea,manually
Delicata delicatula var. alpestris,Delicata alpestris,manually
Delicata delicatula var. delicatula,Delicata delicatula,manually
Diadesmis gallica var. perpusilla,Humidophila perpusilla,manually
Diatoma hyemalis var. hyemalis,Odontidium hyemale,manually
Denticula kuetzingii var. kuetzingii,Denticula kuetzingii,manually
Denticula tenuis var. crassula,Denticula tenuis var. crassula,manually
Diatoma vulgaris f.  lineare,Diatoma vulgaris f.  Lineare,manually
Eunotia arcus var. arcus,Eunotia arcus var. arcus,manually
Epithemia argus var. argus,Epithemia argus,manually
Eunotia bilunaris var. bilunaris,Eunotia bilunaris,manually
Eunotia exigua var. tenella,Eunotia tenella,manually
Eunotia incisa var. incisa,Eunotia incisa,manually
Encyonema silesiacum var. latestriata,Encyonema silesiacum var. latestriata,manually
Eunotia muscicola var. muscicola,Eunotia muscicola,manually
Entomoneis paludosa var. paludosa,Entomoneis paludosa var. paludosa,manually
Eunotia pectinalis var. pectinalis,Eunotia pectinalis,manually
Eunotia pectinalis var. recta,Eunotia pectinalis var. recta,manually
Eunotia praerupta var. praerupta,Eunotia praerupta,manually
Eunotia paludosa var. trinacria,Eunotia trinacria,manually
Eunotia pectinalis var. undulata,Eunotia pectinalis var. undulata,manually
Encyonema silesiacum var. ventriformis,Encyonema silesiacum var. ventriformis,manually
Epithemia turgida var. turgida,Epithemia turgida var. turgida,manually
Eunotia paludosa var. paludosa,Eunotia paludosa,manually
Fragilaria arcus var. arcus,Hannaea arcus,manually
Fragilaria capucina var. amphicephala,Fragilaria amphicephaloides,manually
Fragilaria capucina var. capucina,Fragilaria capucina,manually
Fragilaria capucina var. austriaca,Fragilaria austriaca,manually
Fragilaria construens f.  binodis,Staurosira binodis,manually
Fragilaria capucina var. distans,Fragilaria capucina var. distans,manually
Fragilaria capucina var. mesolepta,Fragilariforma mesolepta,manually
Fragilaria capucina var. rumpens,Fragilaria rumpens,manually
Fragilaria capucina var. vaucheriae terato,Fragilaria vaucheriae,manually
Fragilaria delicatissima,Ulnaria delicatissima,manually
Fallacia difficillimoides,Fallacia difficillimoides,manually
Fragilaria famelica var. famelica,Synedra famelica,manually
Fragilaria pinnata var. pinnata,Staurosirella pinnata,manually
Frustulia rhomboides var. amphipleuroides,Frustulia amphipleuroides,manually
Fragilaria ulna var. ulna,Ulnaria ulna,manually
Fragilaria zeilleri var. elliptica,Pseudostaurosira medliniae,manually
Gomphonema ba var. icum,Gomphonema bavaricum,manually
Gomphoneis eriense var. variabilis,Gomphoneis eriense var. variabilis,manually
Gomphonema micropus var. micropus,Gomphonema micropus,manually
Gomphonema minutum f.  minutum,Gomphonema minutum,manually
Gomphoneis minuta var. minuta,Gomphonema kociolekii,manually
Gomphonema olivaceum var. balticum,Gomphonella baltica,manually
Gomphonema olivaceum var. olivaceum,Gomphonella olivacea,manually
Gomphonema olivaceum var. minutissimum,Gomphonema olivaceum var. minutissimum,manually
Gomphonema parvulum var. parvulum f.  parvulum,Gomphonema parvulum,manually
Gomphonema parvulum var. parvulum f.  saprophilum,Gomphonema saprophilum,manually
Gomphonema pumilum var. elegans,Gomphonema elegantissimum,manually
Gomphonema pumilum var. rigidum,Gomphonema pumilum var. rigidum,manually
Licmophora gracilis var. gracilis,Licmophora gracilis,manually
Luticola kotschyi,Dorofeyukea kotschyi,manually
Luticola af f mutica,Luticola mutica,manually
Mayamaea atomus var. alcimonica,Mayamaea alcimonica,manually
Mayamaea atomus var. permitis,Mayamaea permitis,manually
Meridion circulare var. constrictum,Meridion constrictum,manually
Meridion circulare var. circulare,Meridion circulare,manually
Mayamaea fossalis var. obsidialis,Mayamaea fossalis var. obsidialis,manually
Mayamaea cf fossaloides,NA,NA
Nitzschia amphibia f.  amphibia,Nitzschia amphibia,manually
Nitzschia dianae,Eunotia dianae,manually
Nitzschia dissipata var. dissipata,Nitzschia dissipata,manually
Nitzschia dissipata var. media,Nitzschia media,manually
Naviculadicta vitabunda,Sellaphora vitabunda,manually
Nitzschia filiformis var. conferta,Nitzschia filiformis var. conferta,manually
Nitzschia filiformis var. filiformis,Nitzschia filiformis,manually
Nitzschia fonticola var. pelagica,Nitzschia fonticola var. pelagica,manually
Nitzschia frustulum var. frustulum,Nitzschia frustulum,manually
Nitzschia liebetruthii var. liebetruthii,Nitzschia liebetruthii,manually
Nitzschia linearis var. linearis,Nitzschia linearis,manually
Nitzschia linearis var. subtilis,Nitzschia linearis var. subtilis,manually
Navicula menisculus var. menisculus,Navicula menisculus,manually
Navicula minuscula var. muralis,Adlafia minuscula var. muralis,manually
Nitzschia palea var. debilis,Nitzschia palea var. debilis,manually
Nitzschia palea var. tenuirostris,Nitzschia saprobionta,manually
Navicula reichardtiana var. reichardtiana,Navicula metareichardtiana,manually
Navicula salinarum var. salinarum,Navicula salinarum,manually
Navicula salinarum var. rostrata,Navicula salinarum var. rostrata,manually
Navicula schroeteri var. schroeteri,Navicula schroeteri,manually
Nitzschia sinuata var. sinuata,Grunowia sinuata,manually
Nitzschia sinuata var. tabellaria,Grunowia tabellaria,manually
Naviculadicta schmassmannii,Humidophila schmassmannii,manually
Navicula trivialis var. trivialis,Navicula trivialis,manually
Nupela lapidosa var. lapidosa,Nupela lapidosa,manually
Navicula vandamii var. vandamii,Navicula vandamii,manually
Naviculadicta laterostrata,Navicula laterostrata,manually
Navicula vandamii var. mertensiae,Navicula vandamii var. mertensiae,manually
Naviculadicta seminulum,Sellaphora seminulum,manually
Navicula viridula var. germainii,Navicula germainii,manually
Navicula viridula var. rostellata,Navicula rostellata,manually
Nitzschia linearis var. tenuis,Nitzschia tenuis,manually
Pinnularia acrospheria var. acrospheria,Pinnularia acrosphaeria,manually
Pinnularia appendiculata var. appendiculata,Pinnularia appendiculata,manually
Pinnularia borealis var. borealis,Pinnularia borealis,manually
Pinnularia brebissonii var. brebissonii,Pinnularia brebissonii,manually
Pinnularia divergentissima var. subrostrata,Pinnularia subrostrata,manually
Pinnularia dubitabilis var. dubitabilis,Pinnularia dubitabili,manually
Psammothidium grischunum f.  daonensis,Psammothidium daonense,manually
Pinnularia globiceps var. globiceps,Pinnularia globiceps,manually
Pleurosira laevis f.  laevis,Pleurosira laevis,manually
Planothidium peragalli var. parvulum,Planothidium peragalloi var. parvulum,manually
Pinnularia lundii var. lundii,Pinnularia lundii,manually
Pinnularia microstauron var. microstauron,Pinnularia microstauron,manually
Placoneis placentula f.  rostrata,Placoneis placentula var. rostrata,manually
Pseudostaurosira parasitica var. subconstricta,Pseudostaurosira subconstricta,manually
Pinnularia subcapitata var. subcapitata,Pinnularia subcapitata var. subcapitata,manually
Pinnularia subrupestris var. cruciata,Pinnularia subrupestris var. cruciata,manually
Pinnularia subcapitata var. elongata,Pinnularia subcapitata var. elongata,manually
Pinnularia subgibba var. subgibba,Pinnularia subgibba,manually
Pinnularia sudetica var. sudetica,Pinnularia sudetica,manually
Pinnularia viridiformis var. viridiformis m 1,Pinnularia viridiformis,manually
Pinnularia viridis var. viridis m 1,Pinnularia viridis,manually
Pinnularia viridiformis var. viridiformis m 3,Pinnularia viridiformis,manually
Rhopalodia gibba var. gibba,Rhopalodia gibba,manually
Surirella brebissonii var. kuetzingii,Surirella brebissonii var. kuetzingii,manually
Surirella brebissonii var. brebissonii,Surirella brebissonii,manually
Surirella brightwellii var. brightwellii,Surirella brightwellii,manually
Staurosira construens var. binodis,Staurosira binodis,manually
Staurosira construens f.  subsalina,Staurosira subsalina,manually
Staurosira construens var. venter,Staurosira venter,manually
Staurosira construens f.  venter,Staurosira venter,manually
Synedrella subconstricta,Pseudostaurosira subconstricta,manually
Surirella helvetica,Iconella helvetica,manually
Stephanodiscus hantzschii f.  tenuis,Stephanodiscus hantzschii f.  Tenuis,manually
Surirella linearis var. constricta,Iconella constricta,manually
Stauroneis legumen var. integra,Stauroneis legumen var. integra,manually
Staurosirella pinnata var. intercedens,Staurosirella lapponica,manually
Staurosira berolinensis,Belonastrum berolinense,manually
Stauroneis siberica var. siberica,Stauroneis siberica,manually
Tryblionella gracilis var. subsalina,Tryblionella gracilis var. subsalina,manually
Thalassiosira hyperborea var. pelagica,Thalassiosira hyperborea var. pelagica,manually
Ulnaria ulna var. angustissima,Ulnaria ulna,manually
Unknown,NA,manually
Cyclops sp,Copepoda,manually
Cyclopoid copepod,Cyclopoida,manually
Limnomonas gaiensis,Limnomonas gaiensis,manually
Cyclops sp.,Copepoda,manually
Cyclops sp.,Copepoda,manually
Harpacticoid sp.,Harpacticoida,manually
Calanoid,Calanoida,manually
Cyclopoid,Cyclopoida,manually
Nauplii,Copepoda,manually
Nauplii,Copepoda,manually
Mosquito,Culicidae,manually
Stonefly,Plecoptera,manually
Mayfly,Ephemeroptera,manually
Beetle,Coleoptera,manually
Unknown rotifer,Rotifera,manually
Mite,Arachnida,manually
Pseudokirchneriella subcapitata,Raphidocelis subcapitata,manually
Oscillatoria jovis,Komvophoron jovis,manually
Anabena,Anabaena,manually
Golden flagellates,Chrysophyceae,manually
Euglena small,Euglena,manually
Bdelodea,Bdelloidea,manually
Synechoccus,Synechococcus,manually
Non identified ciliate,Ciliophora,manually
Small scuticociliata,Scuticociliate,manually
Tintinidium sp.,Tintinnidium,manually
Copepod nauplii,Copepoda,manually
Polyarthra aff. vulgaris,Polyarthra vulgaris,manually
Trichocerca dixon nuttali,Trichocerca dixonnuttalli,manually
Cyclopoida nauplii,Cyclopoida,manually
Cyclopoida copepodid,Cyclopoida,manually
Small greens,NA,manually
Small chrysophytes,Chrysophyceae,manually
Copepodite,Copepoda,manually
Ciclopoida,Cyclopoida,manually
Chlorococcoum sp.,Chlorococcum,manually
Neochloris oleoabundans,Ettlia oleoabundans,manually
Euglenofita,Euglenophyta,manually
Peridinial,Peridiniales,manually
Plagioselmis nannoplanctonica,Plagioselmis nannoplanctica,manually
Fitoflagelado,NA,manually
Carteria compressa,Carteria compressa,manually
Chlamydomonas lobata,Provasoliella lobata,manually
Volvocal sp.2,Chlamydomonadales,manually
Volvocal sp.1,Chlamydomonadales,manually
Dinoflagelado desnudo,Dinoflagellata,manually
Phacus cf. brevicaudatus,NA,NA
Phacus agilis,Cryptoglena skujae,manually
Trachelomonas cf. oblonga,NA,NA
Trachelomonas cf. rotunda,NA,NA
Trachelomonas sydneyensis var. minor,Trachelomonas sydneyensis,manually
Raphydophyta,Raphidophyceae,manually
Pseudocuadrigula sp,Pseudocuadrigula,manually
Polynucleobacterwuianus,Polynucleobacter wuianus,manually
Polynucleobacterasymbioticus,Polynucleobacter asymbioticus,manually
Polynucleobacterduraquae,Polynucleobacter duraquae,manually
Polynucleobactersinensis,Polynucleobacter sinensis,manually
Polynucleobacteryangtzensis,Polynucleobacter yangtzensis,manually
Cyclotella cf. delicatula,NA,NA
Fragilaria pinnata var. intercedens,Staurosirella lapponica,manually
Frankophila cf. similoides,NA,NA
Aulacoseira granulata var. valida,Aulacoseira granulata var. valida,manually
Fragilaria brevistriata var. inflata,Pseudostaurosira brevistriata var. inflata,manually
Bothriococcus,Botryococcus,manually
Nitzchia,Nitzchia,manually
Trichodina diaptomi,Trichodina diaptomi,manually
Clamydomonas sajao,Lobochlamys segnis,manually
Oocystis cf. lacustris,NA,NA
Planctonema lacustris,Microglena monadina,manually
Small flagelates,NA,manually
Asplachna sp.,Asplanchna,manually
Chrysomonad,Chrysomonadales,manually
Chlamydocapsa cingulata,Chlamydocapsa,manually
Vorticella aquadulcis,Vorticella aquadulcis,manually
Coconeis sp.,Cocconeis,manually
Kirchneriella bibraiana,Selenastrum bibraianum,manually
Volvocales,Chlamydomonadales,manually
Dolichospermum variabilis,Dolichospermum variabilis,manually
Heterolepadella ehrenbergi,Lepadella ehrenbergi,manually
Comasiella arcuata var. platydisca,Comasiella arcuata var. platydisca,manually
Oscillatoria rosea,Phormidium roseum,manually
Lecane lunaris ehrenberg,Lecane lunaris,manually
Lecane quadridentata ehrenberg,Lecane quadridentata,manually
Lepadella cf heterodactyla,NA,NA
Macrochetus sp.,Macrochaetus,manually
Nauplii cyclopoida,Cyclopoida,manually
Nauplii calanoida,Cyclopoida,manually
Nauplii harpacticoida,Harpacticoida,manually
Cyclopoida copepodite,Cyclopoida,manually
Acutodesmus acuminatus,Tetradesmus lagerheimii ,manually
Akanthochloris ssp,Acanthochloris,manually
Amphidinium geitleri,Nusuttodinium amphidinioides,manually
Amphidinium lohammari,Prosoaulax multiplex,manually
Aphanothece clathrata var. brevis,Aphanothece bachmannii,manually
Aphanothece endophytica,Anathece endophytica,manually
Artrospira ssp,Arthrospira,manually
Astasia vacuolata,Euglenopsis vacuolata,manually
Bicosoeca lauterbornii,Bicosoeca lauterbornei,manually
Bicosoeca mitra var. suecica,Bicosoeca mitra var. suecica,manually
Bicosoeca planctonica var. multiannulata,Bicosoeca multiannulata,manually
Borzia endophytica,Anathece endophytica,manually
Carteria sphaerica,Carteria sphaerica,manually
Centritractus globulosus,Centritractus globulosus,manually
Centritractus pseudobrunneus,Centritractus brunneus,manually
Centritractus rotundatus,Centritractus rotundatus,manually
Centritractus selliferus,Centritractus selliferus,manually
Chaetopeltis orbicularis f. megalocystis,Chaetopeltis orbicularis f. megalocystis,manually
Characiopsis aculeata,Characiopsis aculeata,manually
Characiopsis crassirostrum,Characiopsis crassirostrum,manually
Characiopsis obliqua,Characiopsis obliqua,manually
Characiopsis spina,Characiopsis spina,manually
Characiopsis subulata var. ensiformis,Characium ensiforme,manually
Characiopsis varians,Characiopsis varians,manually
Characiopsis ventricosa,Characiopsis ventricosa,manually
Characium subconstrictum,Characium substrictum,manually
Chlorangiopsis systylis,Chlorangiopsis systylis,manually
Chlorella saccharophila,Chloroidium saccharophilum,manually
Chromulina crassa,Chromulina crassa,manually
Chroococcus dispersus var. minor,Chroococcus minimus,manually
Chroococcus limneticus var. elegans,Chroococcus limneticus var. elegans,manually
Chroococcus siderochlamys,Gloeocapsa siderochlamys,manually
Chroomonas nordstedtii f. minor,Chroomonas nordstedtii f. minor,manually
Chroostipes linearis,Chroostipes linearis,manually
Chrysamoeba scherffelii,Chrysamoeba scherffelii,manually
Chrysochromulina brevifilum,Haptolina brevifila,manually
Chrysochromulina chiton,Prymnesium chiton,manually
Chrysochromulina ericina,Haptolina ericina,manually
Chrysochromulina fragaria,Haptolina fragaria,manually
Chrysochromulina hirta,Haptolina hirta,manually
Chrysochromulina kappa,Prymnesium kappa,manually
Chrysochromulina minor,Prymnesium minus,manually
Chrysococcus ovoides,Chrysococcocystis ovoides,manually
Chrysococcus rufescens f. tripora,Chrysococcus triporus,manually
Chrysolykos angulatus f. bicornis,Chrysolykos angulatus f. bicornis,manually
Chrysoxys rhizopodica,Chrysoxys rhizopodica,manually
Closterium calosporum var. brasiliense,Closterium calosporum var. brasiliense,manually
Closterium closterioides var. intermedium,Closterium closterioides var. intermedium,manually
Closterium dianae var. arcuatum,Closterium dianae var. arcuatum,manually
Closterium dianae var. minus,Closterium dianae var. minus,manually
Closterium gracile var. elongatum,Closterium gracile var. elongatum,manually
Closterium leibleinii var. boergesenii,Closterium boergesenii,manually
Closterium limneticum var. fallax,Closterium limneticum var. fallax,manually
Closterium limneticum var. tenue,Closterium limneticum var. tenue,manually
Closterium littorale var. crassum,Closterium littorale var. crassum,manually
Closterium nordstedtii var. polystictum,Closterium nordstedtii var. polystictum,manually
Closterium ralfsii var. hybridum,Closterium ralfsii var. hybridum,manually
Closterium strigosum var. elegans,Closterium strigosum var. elegans,manually
Closterium submoniliferum var. malinvernianum,Closterium submoniliferum var. malinvernianum,manually
Closterium tumidum var. nylandicum,Closterium nylandicum,manually
Coccomyxa lunaris,Coccomyxa lunaris,manually
Coelastrum cambricum var. intermedium,Coelastrum cambricum var. intermedium,manually
Coelastrum microporum var. octaedricum,Coelastrum microporum var. octaedricum,manually
Coelastrum microporum var. punctatum,Coelastrum microporum var. punctatum,manually
Coenochloris diplococca,Schizochloris diplococca,manually
Coenochloris mucosa,Korschpalmella mucosa,manually
Coenochloris polycocca,Radiococcus polycoccus,manually
Coenocystis diplococca,Schizochloris diplococca,manually
Colacium vesiculosum f. arbuscula,Colacium arbuscula,manually
Cosmarium abbreviatum var. germanicum,Cosmarium abbreviatum var. germanicum,manually
Cosmarium abbreviatum var. minus,Cosmarium abbreviatum var. minus,manually
Cosmarium abbreviatum var. planctonicum,Cosmarium planctonicum,manually
Cosmarium biretum var. trigibberum,Cosmarium biretum var. trigibberum,manually
Cosmarium botrytis var. subtumidum,Cosmarium botrytis var. subtumidum,manually
Cosmarium contractum var. ellipsoideum,Cosmarium ellipsoideum,manually
Cosmarium contractum var. minutum,Cosmarium minutum,manually
Cosmarium cucumis var. helveticum,Cosmarium cucumis var. helveticum,manually
Cosmarium holmiense var. integrum,Cosmarium integrum,manually
Cosmarium impressulum f. minor,Cosmarium impressulum f. minor,manually
Cosmarium laeve var. pseudoctangulare,Cosmarium laeve var. pseudo-octangulare,manually
Cosmarium ornatulum var. depressum,Cosmarium ornatulum var. depressum,manually
Cosmarium pachydermum var. aethiopicum,Cosmarium pachydermum var. aethiopicum,manually
Cosmarium phaseolus f. minor,Cosmarium phaseolus f. minor,manually
Cosmarium polygonum var. acutius,Cosmarium polygonum var. acutius,manually
Cosmarium punctulatum var. subpunctulatum,Cosmarium subpunctulatum,manually
Cosmarium pygmaeum var. apertum,Cosmarium lutetianum,manually
Cosmarium pygmaeum var. perornatum,Cosmarium pygmaeum var. perornatum,manually
Cosmarium regnesii var. montanum,Cosmarium regnesi var. montanum,manually
Cosmarium regnesii var. polonicum,Cosmarium regnesi var. polonicum,manually
Cosmarium reniforme var. depressum,Cosmarium depressum var. reniforme,manually
Cosmarium reniforme var. elevatum,Cosmarium reniforme var. elevatum,manually
Cosmarium sphagnicola var. pachygonum,Cosmarium sphagnicola var. pachygonum,manually
Cosmarium subspeciosum var. transiens,Cosmarium subspeciosum var. transiens,manually
Cosmarium subtumidum var. klebsii,Cosmarium klebsii,manually
Cosmarium tinctum var. tumidum,Cosmarium tinctum var. tumidum,manually
Cosmarium venustum var. excavatum,Cosmarium venustum var. excavatum,manually
Crucigenia quadrata var. secta,Crucigeniella secta,manually
Crucigeniella neglecta,Willea neglecta,manually
Cryptomonas butschlii,Cryptomonas,manually
Desmarella sphaeroidea,Desmarella sphaeroidea,manually
Desmodesmus armatus var. bicaudatus,Desmodesmus armatus var. bicaudatus,manually
Desmodesmus armatus var. spinosus,Desmodesmus armatus var. spinosus,manually
Desmodesmus denticulatus var. linearis,Desmodesmus denticulatus var. linearis,manually
Desmodesmus opoliensis var. carinatus,Desmodesmus opoliensis var. carinatus,manually
Diacanthos belenophorus,Micractinium belenophorum,manually
Dictyosphaerium anomalum,Mychonastes anomalus,manually
Dictyosphaerium sphagnale,Mucidosphaerium sphagnale,manually
Dictyosphaerium tetrachotomum var. minutum,Aliichlorella chlorelloides,manually
Diplochloris hortobagyi,Didymogenes hungarica,manually
Epipyxis lauterbornii var. mucicola,Epipyxis lauterbornii var. mucicola,manually
Epipyxis utriculus var. acuta,Epipyxis utriculus var. acuta,manually
Euastrum humerosum var. affine,Euastrum humerosum var. affine,manually
Euglena deses f. klebsii,Euglena deses,manually
Euglena gigas,Lepocinclis oxyuris var. helicoidea,manually
Euglena oxyuris f. maior,Lepocinclis gracillimoides,manually
Euglena oxyuris f. skvortzovii,Lepocinclis oxyuris f. skvortzovii,manually
Euglena oxyuris var. minor,Lepocinclis oxyuris var. minor,manually
Euglena spatirhyncha,Discoplastis spathirhyncha,manually
Euglena spirogyra var. fusca,Lepocinclis fusca,manually
Glenodinium foliaceum,Kryptoperidinium triquetrum,manually
Gloeococcus planctogloea,Gloeococcus planctogloea,manually
Gymnodinium acuminatum,Biecheleria pseudopalustris,manually
Gymnodinium chlorophorum,Lepidodinium chlorophorum,manually
Gymnodinium fissum,Levanderina fissa,manually
Gymnodinium halophilum,Biecheleria halophila,manually
Gymnodinium inversum var. elongatum,Gymnodinium inversum var. elongatum,manually
Gymnodinium tenuissimum,Borghiella tenuissima,manually
Gymnodinium uncatenatum,Levanderina fissa,manually
Katodinium bohemicum,Gymnodinium bohemicum,manually
Katodinium schilleri,Gymnodinium schilleri,manually
Katodinium spirodinioides,Gymnodinium spirodinioides,manually
Kephyrion haemispaericum,Kephyriopsis hemisphaericum,manually
Kephyriopsis entzii,Kephyriopsis entzii,manually
Keratococcus braunii,Chlorolobion braunii,manually
Kirchneriella concorta,Raphidocelis danubiana,manually
Kirchneriella rotunda,Raphidocelis rotunda,manually
Lagerheimia longiseta var. major,Lagerheimia longiseta var. major,manually
Leiblenia ssp,Leibleinia,manually
Lepocinclis ovum var. buetschlii,Lepocinclis ovum,manually
Leptolyngbya edaphica,Timaviella edaphica,manually
Leptolyngbya rivularium,Leptolyngbya rivulariarum,manually
Leptolyngbya tenius,Leptolyngbya tenuis,manually
Mallomonas bacterium,Mallomonas bacterium,manually
Mallomonas tonsurata var. alpina,Mallomonas alpina,manually
Menoidium costatum,Rhabdomonas costata,manually
Microcystis pulverea f. delicatissima,Aphanocapsa delicatissima,manually
Microglena subglobosa,Microglena subglobosa,manually
Monallanthus ssp,Monallantus,manually
Nephrocytium allonthoideum,Nephrocytium allantoideum,manually
Nephroselmis pelagica,Nephroselmis pelagica,manually
Netrium digitus var. naegelii,Netrium naegelii,manually
Ochromonas coronifera,Ochromonas coronifera,manually
Ochromonas nana,Ochromonas nana,manually
Ochromonas ornata,Ochromonas ornata,manually
Ochromonas sociabilis,Poterioochromonas malhamensis,manually
Ochromonas sphaerella,Ochromonas sphaerella,manually
Oocystis ecballocystiformis,Elongatocystis ecballocystiformis,manually
Oocystis submarina var. variabilis,Oocystis submarina var. variabilis,manually
Oocystis taionensis,Oocystis tainoensis,manually
Pediastrum simplex var. radians,Pediastrum simplex,manually
Pediastrum simplex var.duodenarium,Pediastrum simplex var. duodenarium,manually
Pediastrum tetras var. apiculatum,Pediastrum tetras var. apiculatum,manually
Pediastrum tetras var. excisum,Pediastrum tetras,manually
Peridiniopsis reticulata,Protoceratium reticulatum,manually
Peridinium umbonatum var. goslaviense,Parvodinium goslaviense,manually
Phacus caudatus var. minor,Phacus tenuis,manually
Phacus monilatus var. suecicus,Phacus monilatus var. suecicus,manually
Phacus orbicularis f. minor,Phacus orbicularis var. minor,manually
Phacus pyrum var. pseudonordstedtii,Phacus pyrum var. pseudonordstedtii,manually
Podohedra falcata,Podohedriella falcata,manually
Polygoniochloris tetragona,Polygoniochloris tetragona,manually
Porphyrosihon ssp,Porphyrosiphon,manually
Prismatella parvulus,Prismatella hexagona,manually
Protococcus wimmeri,Protococcus wimmeri,manually
Prymnesium parvum f. patelliferum,Prymnesium parvum f. patelliferum,manually
Pseudochlorangium anomalum,Pseudochlorangium anomalum,manually
Pseudodictyosphaerium elegans,Mychonastes elegans,manually
Pseudokephyrion gallicum,Pseudokephyrion gallicum,manually
Pseudokephyrion inflatum,Pseudokephyrion inflatum,manually
Pseudokephyrion pilidum,Pseudokephyrion pilidum,manually
Pseudokephyrion urnula,Pseudokephyrion urnula,manually
Rhodomonas lacustris var. nannoplanctica,Plagioselmis nannoplanctica,manually
Scenedesmus acutus f. tetradesmiformis,Scenedesmus acutus f. tetradesmiformis,manually
Scenedesmus arcuatus var. platydiscus,Comasiella arcuata var. platydisca,manually
Scenedesmus armatus var. bicaudatus,Desmodesmus armatus var. bicaudatus,manually
Scenedesmus armatus var. longispina,Scenedesmus armatus var. longispina,manually
Scenedesmus armatus var. platydiscus,Scenedesmus armatus var. platydiscus,manually
Scenedesmus bellospinosus,Desmodesmus abundans,manually
Scenedesmus columnatus,Desmodesmus armatus,manually
Scenedesmus costatus,Enallax costatus,manually
Scenedesmus denticulatus var. linearis,Desmodesmus denticulatus var. linearis,manually
Scenedesmus intermedius var. acutispinus,Desmodesmus intermedius var. acutispinus,manually
Scenedesmus intermedius var. balatonicus,Desmodesmus intermedius var. balatonicus,manually
Scenedesmus obtusus var. alternans,Scenedesmus obtusus,manually
Scenedesmus pectinatus,Pectinodesmus pectinatus,manually
Scenedesmus pleiomorphus,Desmodesmus pleiomorphus,manually
Scenedesmus pseudohelveticus,Desmodesmus armatus,manually
Scenedesmus quadricauda var. longispina,Desmodesmus armatus var. longispina,manually
Scenedesmus quadricauda var. maximus,Desmodesmus maximus,manually
Scenedesmus quadricauda var. mirificus,Scenedesmus quadricauda,manually
Scenedesmus quadricauda var. quadrispina f. spinosus,Scenedesmus quadricauda var. quadrispina,manually
Scenedesmus raciborskii,Scenedesmus raciborskii,manually
Scenedesmus tortuosus,Scenedesmus acuminatus f. tortuosus,manually
Siderocystopsis fusca,Siderocystopsis punctifera,manually
Sphaerellopsis gloeosphaera,Vitreochlamys gloeosphaera,manually
Sphaerellopsis lateralis,Sphaerellopsis lateralis,manually
Sphaerellopsis mucosa,Sphaerellopsis mucosa,manually
Sphaerellopsis velata,Vitreochlamys velata,manually
Spiniferomonas serrata,Spiniferomonas serrata,manually
Stokesiella minutissima,Stokesiella minutissima,manually
Strombomonas verrucosa var. zmiewika,Strombomonas verrucosa var. zmiewika,manually
Stylochrysalis libera,Stylochrysalis libera,manually
Syncrypta elaeochrus,Synuropsis elaeochrus,manually
Tetrablepharis obovalis,Tetrablepharis obovalis,manually
Tetrademus ssp,Tetradesmus,manually
Tetraedron schmidlei,Treubaria schmidlei,manually
Tetraerdon caudatum,Tetraedron caudatum,manually
Tetraerdon triangulare,Tetraedron triangulare,manually
Tetraselmis elegans,Tetraselmis elegans,manually
Tetraspora lubrica var. lacunosa,Tetraspora lubrica var. lacunosa,manually
Trachelomonas armata var. longa,Trachelomonas armata var. longa,manually
Trachelomonas armata var. steinii,Trachelomonas armata var. steinii,manually
Trachelomonas hispida var. acuminata,Trachelomonas hispida var. acuminata,manually
Trachelomonas hispida var. caudata,Trachelomonas hispida var. caudata,manually
Trachelomonas hispida var. coronata,Trachelomonas hispida var. coronata,manually
Trachelomonas hispida var. crenulatocollis,Trachelomonas crenulatocollis,manually
Trachelomonas lacustris var. ovalis,Trachelomonas lacustris var. ovalis,manually
Trachelomonas planctonica var. oblonga,Trachelomonas planctonica f. oblonga,manually
Trachelomonas scabra var. labiata,Trachelomonas scabra var. labiata,manually
Trachelomonas volzii var. intermedia,Trachelomonas volzii var. intermedia,manually
Uroglena eustylis,Urostipulosphaera eustylis,manually
A sterionella formosa,Asterionella formosa,manually
Cryptornonas erosa,Cryptomonas erosa,manually
Cryptornonas ovata,Cryptomonas ovata,manually
Gymnodiniurn sp .,Gymnodinium,manually
Chrooccocus turgidus,Chroococcus turgidus,manually
Daphnia ambiuga,Daphnia ambigua,manually
Gleocapsa sp.,Gloeocapsa,manually
Planktothrix aghardii,Planktothrix agardhii,manually
Halteria cf. grandinella,NA,NA
Borgheillia dodgei,Borghiella dodgei,manually
Polyarthra dolycoptera,Polyarthra dolichoptera,manually
Synchatea pectinata,Synchaeta pectinata,manually
Cymbopleura solea,Surirella librile,manually
Tetrastnun staurogeniaeforme,Tetrastrum staurogeniiforme,manually
Crucigenia divergens,Crucigeniopsis divergens,manually
Thalassiosira cleve sp.1,Thalassiosira,manually
Actinastrwn fluviatile,Actinastrum fluviatile,manually
Tetrastrumelegans playfair,Tetrastrum elegans,manually
Synedra acusvar,Synedra acus var. acus,manually
Melosira granulata var. angustissima,Aulacoseira granulata var. angustissima,manually
Chlorella fusca var. vacuolata,Coelastrella vacuolata,manually
Desmodesmus obliquus,Scenedesmus obliquus,manually
Pyxicola ovata,Pyxicola ovata,manually
Pyxicola psammata,Pyxicola psammata,manually
Acantholebris cruvirostris,Acantholeberis curvirostris,manually
Calanoid copepodid,Calanoida,manually
Cyclopoid copepodid,Cyclopoida,manually
Cyclops columbianus,Cyclops columbianus,manually
Harpacticoid,Harpacticoida,manually
Onychodiaptomus singuienus,Onychodiaptomus sanguineus,manually
Ostracod,Ostracod,manually
Unapertura latens,Unapertura latens,manually
Actinotaenium silvae-nigrae var. paralellum,Actinotaenium silvae-nigrae var. parallelum,manually
Closterium archearium,Closterium archerianum,manually
Closterium bayllianum,Closterium baillyanum,manually
Closterium cornu var. upsaliense,Closterium upsaliense,manually
Cosmarium blyttii var. novae-sylvae,Cosmarium blyttii var. novae-sylvae,manually
Cosmarium botrytis var. medioleave,Cosmarium botrytis var. mediolaeve,manually
Cosmarium botrytis var. tumidum,Cosmarium botrytis var. tumidum,manually
Cosmarium conspersum var. latum,Cosmarium conspersum var. latum,manually
Cosmarium contractum var. minimum,Cosmarium contractum var. minutum,manually
Cosmarium formosum,Cosmarium formosulum,manually
Cosmarium laeve var. octangulare,Cosmarium laeve var. octangulare,manually
Cosmarium moniliferum var. panduriforme,Cosmarium moniliforme var. panduriforme,manually
Cosmarium monomazum var. polymazum,Cosmarium monomazum var. polymazum,manually
Cosmarium pachydermum var. aerotopica,Cosmarium pachydermum var. aethiopicum,manually
Cosmarium pseudonitidulum var. validum,Cosmarium pseudonitidulum var. validum,manually
Cosmarium quadratulum var. boldii,Cosmarium quadratulum var. boldtii,manually
Cosmarium subtumidum var. groenbladii,Cosmarium subtumidum var. groenbladii,manually
Euastrum ansatum var. ansatum,Euastrum ansatum var. ansatum,manually
Euastrum ansatum var. rhomboidale,Euastrum rhomboidale,manually
Euastrum binale var. gutwinskii,Euastrum binale var. gutwinskii,manually
Euastrum crassum var. microcephalum,Euastrum crassum var. microcephalum,manually
Euastrum luetkemulleri var. carnicolicum,Euastrum luetkemuelleri var. carniolicum,manually
Hyalotheca dissiliens var. minor,Hyalotheca dissiliens var. minor,manually
Micrasterias truncata var. quadrata,Micrasterias truncata var. quadrata,manually
Micrasterias truncata var. semiradiata,Micrasterias truncata var. semiradiata,manually
Sphaerozosma umbertianum,Sphaerozosma aubertianum,manually
Staurastrum boreale var. quadriradiatum,Staurastrum boreale var. quadriradiatum,manually
Staurastrum brebbisonii,Staurastrum pilosum,manually
Staurastrum micron var. spinulosum,Staurastrum micron var. spinulosum,manually
Staurastrum orbiculare var. orbiculare,Staurastrum orbiculare var. orbiculare,manually
Staurastrum polymorphum var. pigmaeum,Staurastrum polymorphum,manually
Staurastrum proboscideum var. productum,Staurastrum proboscideum var. productum,manually
Staurastrum spongiosum var. perbifidum,Staurastrum spongiosum var. perbifidum,manually
Staurastrum symonii,Staurastrum simonyi,manually
Staurodesmus dejectus var. brevispinus,Staurodesmus dejectus var. brevispinus,manually
Tetmemorus leavis var. minutus,Tetmemorus laevis var. minutus,manually
Xanthidium antilopaeum var. leave,Xanthidium laeve,manually
Xanthidium antilopaeum var. planum,Xanthidium planum,manually
Dicranophorus cf. luetkeni,NA,NA
Encentrum cf. belluinum,NA,NA
Encentrum cf. boreale,NA,NA
Encentrum cf. fluviatile,NA,NA
Encentrum cf. limicola,NA,NA
Notommata cf. doneta,NA,NA
Cyclops abyssorum copodites stage i,Cyclops abyssorum abyssorum,manually
Cyclops abyssorum copodites stage ii,Cyclops abyssorum abyssorum,manually
Calanoid nauplii,Cyclopoida,manually
Copepd nauplii,Copepoda,manually
Cyclopoid copepodites,Cyclopoida,manually
Cryptomonas cf. ovata,NA,NA
Synedra sp. cf scotica,NA,NA
Ankistrodesmus falcatus var. spirilliformis,Monoraphidium contortum,manually
Cyclotella praeterissima,Lindavia praetermissa,manually
Oscillatoria amphigranulata,Pseudanabaena amphigranulata,manually
Skeletonema costatuni,Skeletonema costatum,manually
Daphnia coregoni,Bosmina coregoni,manually
Calanus jinrnarchicus,Calanus finmarchicus,manually
Pseudodiaptornus hessei,Pseudodiaptomus hessei,manually
Notommata cf. cyrtopus,NA,NA
Pseudencentrum cf. diglandula,Encentrum diglandula,manually
Pseudencentrum cf. sutor,Encentrum sutor,manually
Mixed ciliates,Ciliophora,manually
Strobilidium acutum,Strombidium acutum,manually
Small mixed ciliates,Ciliophora,manually
Staurophyra spp.,Ciliophora,manually
Brachionus tubicen,Brachionus tubicen,manually
Brachionusquadridentatus,Brachionus Quadridentatus,manually
Graptoleberis occidentalis,Graptoleberis occidentalis,manually
Macrothris sp,Macrothrix,manually
Monommata ardnti,Monommata ardnti,manually
Monommata ventralis,Monommata ventralis,manually
Achnanthes flexella var. alpestris,Eucocconeis alpestris,manually
Amphora ovalis var. pediculus,Amphora pediculus,manually
Ankistrodesmus falcatus var. mirabilis,Monoraphidium mirabile,manually
Coccoid oval,Coccoid,manually
Coccoid sphere,Coccoid,manually
Cyclotella comensis var. 1,Pantocsekiella comensis,manually
Cyclotella operculata var. unipunctata,Cyclotella distinguenda var. unipunctata,manually
Cymbella minuta var. silesiaca,Encyonema silesiacum,manually
Diatoma tenue var. elongatum,Diatoma tenue var. elongatum,manually
Dinobryon bavaricum var. vanhoeffenii,Dinobryon vanhoeffenii,manually
Fragilaria construens var. binodis,Neidiomorpha binodis,manually
Fragilaria construens var. venter,Staurosira venter,manually
Navicula cryptocephala var. veneta,Navicula veneta,manually
Navicula pupula var. mutata,Sellaphora mutata,manually
Navicula radiosa var. tenella,Navicula radiosa var. tenella,manually
Oocystis gigas var. incrassata,Oocystis gigas var. incrassata,manually
Stephanodiscus hantzschii f. hantzschii,Stephanodiscus hantzschii f. hantzschii,manually
Synedra amphicephala var. austriaca,Fragilaria austriaca,manually
Synedra delicatissima var. angustissima,Ulnaria delicatissima var. angustissima,manually
Synedra filiformis var. exilis,Synedra filiformis var. exilis,manually
Synedra ulna var. biceps,Ulnaria biceps,manually
Synedra ulna var. chaseana,Ulnaria ulna var. chaseana,manually
Tabellaria flocculosa var. geniculata,Tabellaria fenestrata var. geniculata,manually
Unidentified chrysophyte flagellate,Chrysophyceae,manually
Unidentified chrysophyte ovoid,Chrysophyceae,manually
Unidentified coccoid cyanophyta,Cyanophyceae,manually
Unidentified coccoid spherical,NA,manually
Unidentified colonial greens,NA,manually
Unidentified flagellate,NA,manually
Unidentified flagellate ovoid,NA,manually
Unidentified flagellates fusiform,NA,manually
Unidentified pennales,Bacillariophyceae,manually
Achnanthes clevei var. rostrata,Karayevia rostrata,manually
Achnanthes lanceolata var. dubia,Planothidium dubium,manually
Achnanthes lanceolata var. rostrata,Planothidium rostratoholarcticum,manually
Achnanthes lapponica var. ninckei,Eucocconeis lapponica var. ninckei,manually
Actinocyclus normanii f. subsalsa,Actinocyclus normanii f. subsalsa,manually
Amphora ovalis var. affinis,Amphora affinis,manually
Amphora veneta var. capitata,Halamphora oligotraphenta,manually
Aulacoseira distans var. alpigena,Aulacoseira alpigena,manually
Aulacoseira italica var. tenuissima,Aulacoseira italica var. tenuissima,manually
Caloneis ventricosa var. minuta,Caloneis minuta,manually
Cymbella prostrata var. auerswaldii,Encyonema auerswaldii,manually
Diatoma hiemale var. mesodon,Odontidium mesodon,manually
Fragilaria construens var. minuta,Staurosira construens var. minuta,manually
Fragilaria construens var. pumila,Staurosira construens var. pumila,manually
Fragilaria leptostauron var. dubia,Staurosira dubia,manually
Fragilaria pinnata var. lancettula,Punctastriata lancettula,manually
Fragilaria vaucheriae var. capitellata,Fragilaria recapitellata,manually
Navicula capitata var. hungarica,Hippodonta hungarica,manually
Navicula capitata var. luneburgensis,Hippodonta luneburgensis,manually
Navicula contenta var. biceps,Humidophila contenta,manually
Navicula elginensis var. lata,Placoneis lata,manually
Navicula menisculus var. upsaliensis,Navicula upsaliensis,manually
Navicula rhynchocephala var. amphiceros,Navicula rhynchotella,manually
Navicula salinarum var. intermedia,Navicula capitatoradiata,manually
Navicula tuscula f. minor,Aneumastus minor,manually
Stephanodiscus carconensis var. pusilla,Stephanodiscus klamathensis,manually
Surirella ovata var. salina,Surirella salina,manually
Synedra parasitica var. subconstricta,Pseudostaurosira subconstricta,manually
Unidentified centrales,Bacillariophyceae,manually
Dictosphaerium ehrenbergainum,Dictyosphaerium ehrenbergianum,manually
Eutetramorus polycoccus,Radiococcus polycoccus,manually
Geminella terricola,Interfilum terricola,manually
Trachelomonas planctonica var. hyalina,Trachelomonas planctonica,manually
Ceriodaphnia quadrangular,Ceriodaphnia quadrangula,manually
Anabaena ucrainica,Dolichospermum mucosum,manually
Anabaena spiroides klebahn var. crassa lemm.,Dolichospermum spiroides,manually
Diaphanosoma edmondsoni,Diaphanosoma edmondsoni,manually
Diaphanosoma kizakiensis,Diaphanosoma brachyurum,manually
Moina siamensis,Moina siamensis,manually
Nauplius,Copepoda,manually
Cyclops,Copepoda,manually
Tintionnopsis,Tintinnopsis,manually
Cyclopoids,Cyclopoida,manually
Anabaena sphaerica var. attenuata,Anabaena sphaerica var. attenuata,manually
Arthrospira platensis var. non-constricta,Arthrospira platensis var. non-constricta,manually
Oscillatoria chlorina f. perchlorina,Oscillatoria chlorina f. perchlorina,manually
Oscillatoria trichoides,Oscillatoria trichoides,manually
Euglena gracilis var. urophora,Euglena gracilis var. urophora,manually
Lepocinclis conica,Lepocinclis conica,manually
Lepocinclis fusiformis var. amphirhynchus,Lepocinclis fusiformis var. amphirhynchus,manually
Lepocinclis ovum var. angustatum,Lepocinclis ovum var. angustatum,manually
Lepocinclis ovum var. dimidio-minor,Lepocinclis ovum var. dimidio-minor,manually
Lepocinclis teres f. parvula,Lepocinclis teres f. parvula,manually
Lepocinclis texta var. mammillata,Lepocinclis texta var. mammillata,manually
Menoidium semilunare var. regulare,Menoidium semilunare var. regulare,manually
Phacus agilis var. inversus,Phacus agilis var. inversus,manually
Strombomonas acuminata var. amphora,Strombomonas acuminata var. amphora,manually
Strombomonas acuminata var. deflandreana,Strombomonas acuminata var. deflandreana,manually
Strombomonas inconstans,Strombomonas inconstans,manually
Strombomonas praeliaris var. nana,Strombomonas praeliaris var. nana,manually
Strombomonas rotunda f. hortobagyi,Strombomonas rotunda f. hortobagyi,manually
Strombomonas subcurvata var. africana,Strombomonas subcurvata var. africana,manually
Trachelomonas abrupta f. angustata,Trachelomonas abrupta f. angustata,manually
Trachelomonas bacillifera f. sparsispina,Trachelomonas bacillifera f. sparsispina,manually
Trachelomonas curta var. minima,Trachelomonas curta var. minima,manually
Trachelomonas dangeardii var. glabra,Trachelomonas dangeardii var. glabra,manually
Trachelomonas globularis var. boyeri,Trachelomonas boyeri,manually
Trachelomonas granulosa var. subglobosa,Trachelomonas granulosa var. subglobosa,manually
Trachelomonas hexangulata var. hexagona,Trachelomonas hexangulata var. hexagona,manually
Trachelomonas kelloggii var. nana,Trachelomonas kelloggii var. nana,manually
Trachelomonas lismorensis var. inermis,Trachelomonas lismorensis var. inermis,manually
Trachelomonas oblonga var. australica,Trachelomonas oblonga var. australica,manually
Trachelomonas obovata var. klebsiana,Trachelomonas obovata var. klebsiana,manually
Trachelomonas orenburgika var. ornata,Trachelomonas orenburgika var. ornata,manually
Trachelomonas stokesiana f. meandrina,Trachelomonas stokesiana f. meandrina,manually
Trachelomonas rugulosa var. obliqua,Trachelomonas rugulosa var. obliqua,manually
Trachelomonas scabra var. coberensis,Trachelomonas scabra var. coberensis,manually
Trachelomonas scabra var. ovata f. minor,Strombomonas scabra var. ovata,manually
Trachelomonas sydneyensis var. minima,Trachelomonas sydneyensis var. minima,manually
Trachelomonas sydneyensis var. obesa,Trachelomonas sydneyensis var. obesa,manually
Trachelomonas varians f. globosa,Trachelomonas varians f. globosa,manually
Trachelomonas verrucosa f. irregularis,Trachelomonas verrucosa f. irregularis,manually
Trachelomonas verrucosa f. sparseornata,Trachelomonas verrucosa f. sparseornata,manually
Trachelomonas verrucosa var. macrotuberculata,Trachelomonas verrucosa var. macrotuberculata,manually
Trachelomonas verrucosa var. spirogyra,Trachelomonas verrucosa var. spirogyra,manually
Trachelomonas volvocina var. derephora,Trachelomonas volvocina var. derephora,manually
Trachelomonas volvocinopsis var. khannae,Trachelomonas volvocinopsis var. khannae,manually
Aulacomonas submarina,Aulacomonas submarina,manually
Chlamydomonas incisa,Chlamydomonas incisa,manually
Desmodesmus abundans var. brevicauda,Desmodesmus abundans var. brevicauda,manually
Microspora amoena var. gracilis,Microspora amoena var. gracilis,manually
Pediastrum simplex var. clathratum,Pediastrum simplex var. clathratum,manually
Pseudopediastrum subgranulatum,Pseudopediastrum subgranulatum,manually
Pteromonas rugosa,Pteromonas rugosa,manually
Scenedesmus gutwinskii var. bacsensis,Scenedesmus gutwinskii var. bacsensis,manually
Scenedesmus opoliensis var. bicaudatus,Scenedesmus opoliensis var. bicaudatus,manually
Scenedesmus protuberans f. danubianus,Scenedesmus protuberans f. danubianus,manually
Scenedesmus protuberans var. minor,Scenedesmus protuberans var. minor,manually
Sphaerellopsis aglo,Sphaerellopsis aglo,manually
Tetraedron minimum f. apiculatum,Tetraedron minimum f. apiculatum,manually
Tetraedron octaedricum var. spinosum,Tetraedron octaedricum var. spinosum,manually
Tetraedron trigonum f. minus-obtusum,Tetraedron trigonum f. minus-obtusum,manually
Tetraedron trigonum var. longispinum,Tetraedron trigonum var. longispinum,manually
Achnanthidium cf minutissima,NA,NA
Achnathidium cf microcephalum,NA,NA
Actinastrum aciculare f minimum,NA,NA
Actinastrum hantzschii f minima,NA,NA
Anathece cf clathrata,NA,NA
Ankistrodesmus cf fasciculatus,NA,NA
Aphanocapsa/aphanothece,NA,NA
Aphanothece cf nidulans,NA,NA
Aphanothece minuttisima,NA,NA
Botryococcus cf braunii,NA,NA
Ceratium cf furcoides,NA,NA
Chlamydomonas cf agloeformis,NA,NA
Chlamydomonas cf globosa,NA,NA
Chlamydomonas cf obergurbiglii,NA,NA
Chlamydophyceae 2,NA,NA
Chlamydophyceae 5,NA,NA
Chlorella homosphaera,NA,NA
Chlorobium saxatile,NA,NA
Chlorococal sp1,NA,NA
Chlorococcal 1,NA,NA
Chlorococcales 5,NA,NA
Chlorococcales 6,NA,NA
Chlorocystis minor,NA,NA
Chlorolobium cf lunulatum,NA,NA
Chloromonas cf flos-aquae,NA,NA
Chloromonas cf grovei,NA,NA
Chlorophyceae 1,NA,NA
Chlorophyceae 1 (fla),NA,NA
Chlorophyceae 2 (fla),NA,NA
Chlorophyceae 8,NA,NA
Choricystis gutulla,NA,NA
Chromulina cf elegans,NA,NA
Chromulina cf ettlii,NA,NA
Chromulina cf gyrans,NA,NA
Chromulina cf obconica,NA,NA
Chromulina gyrans,NA,NA
Chromulina ovaloides,NA,NA
Ekrenia subguiciliata,NA,NA
Chromulina/chrysococcus,NA,NA
Chroococcal,NA,NA
Chroococcus cf aphanocapsoides,NA,NA
Chroococus cf pescottii,NA,NA
Chroocodiopsis sp,NA,NA
Chrysococcus cf punctiformis,NA,NA
Chrysophyceae 10,NA,NA
Chrysophyceae 11,NA,NA
Chrysophyceae 2,NA,NA
Chrysophyceae 3,NA,NA
Chrysophyceae 4,NA,NA
Chrysophyceae 5,NA,NA
Chrysophyceae 6,NA,NA
Chrysophyceae 7,NA,NA
Chrysophyceae 8,NA,NA
Chrysophyceae 9,NA,NA
Chrysophyceae ni,NA,NA
Chrysophyceae/xanthophyceae,NA,NA
Closterium cf gracile,NA,NA
Closterium cf moniliferum,NA,NA
Closterium cf parvulum,NA,NA
Closterium/closteriopsis,NA,NA
Coelastrum cf astroideum,NA,NA
Coelastrum spx org,NA,NA
Coeleastrum cf pulchrum,NA,NA
Coelomorom microcystoides/eucapsis parallelepipedon,NA,NA
Coelomoron/woronchinia 2,NA,NA
Coelomorum cf tropicale,NA,NA
Coelomorum pusillum,NA,NA
Coelosphaerium cf evidenter-marginatum,NA,NA
Coenochloris planconvexa,NA,NA
Coenocystis cf subcylindrica,NA,NA
Coenocystis/oocystis,NA,NA
Cosmarium cf majae,NA,NA
Cryptochrysis cf pochmanni,NA,NA
Cryptoficea (flageado 2),NA,NA
Cryptoficea 5,NA,NA
Cryptomonas cf curvata,NA,NA
Cryptomonas cf erosa,NA,NA
Cryptomonas cf marsonii,NA,NA
Cryptomonas cf obovata,NA,NA
Cryptophyceae 1,NA,NA
Cryptophyceae 7,NA,NA
Desmatractrum sp,NA,NA
Desmodesmus cf opoliensis,NA,NA
Desmodesmus cf quadricauda,NA,NA
Diatomococcus/tetralitris,NA,NA
Dictyosphaerium cf chlorelloides,NA,NA
Didymocystis cf fina,NA,NA
Dinobryon cf bavaricum,NA,NA
Dinobryon cf borgei,NA,NA
Dinobryon cf divergens,NA,NA
Dinoflagelado menor,NA,NA
Dinoflagelado/peridinium,NA,NA
Dinophyceae 1,NA,NA
Dinophyceae 2,NA,NA
Dinophyceae 3,NA,NA
Dinophyceae 4,NA,NA
Dinophyceae 5,NA,NA
Dinophyceae 7,NA,NA
Dinophyceae 8,NA,NA
Discostella cf stelligera,NA,NA
Dolichospermum bergii,NA,NA
Dolichospermum fertilissima,NA,NA
Dolichospermum flos aquae,NA,NA
Elakatotrix americana x cel,NA,NA
Epigloesphaera cf glebulenta,NA,NA
Euglena polymorfa,NA,NA
Euglenophyceae 1,NA,NA
Eunotia (aff),NA,NA
Fragilaria construens/breviestriata,NA,NA
Fragilaria/synedra,NA,NA
Geminella/binuclearia,NA,NA
Glaucospira laxissima/spirulina,NA,NA
Gloeocystis gigas x org,NA,NA
Golenkinia/ golenkiniopsis 1,NA,NA
Golenkinia/ golenkiniopsis 2,NA,NA
Golenkinia/golenkiniopsis sp3,NA,NA
Gomphonema cf acuminatum,NA,NA
Gomphosphaeria cf natans,NA,NA
Gymnodiniales 2,NA,NA
Hemidinium aff brasiliense,NA,NA
Kephyrion cf ampulla,NA,NA
Kephyrion cf planctonicum,NA,NA
Kirchneriella cfobesa,NA,NA
Kirchneriella contorta varelongata,NA,NA
Lagherimia subsalsa lemm,NA,NA
Lemermaniella sp1,NA,NA
Lemmermmaniella pallida,NA,NA
Leptolyngbya cf thermalis,NA,NA
Leptolyngybya angusta/ercejovicii,NA,NA
Lobocystis cf planctonica,NA,NA
Mallomonas cf anglica,NA,NA
Mallomonas cf papillosa,NA,NA
Merismopedia cf arctica,NA,NA
Merismopedia cf marsonii,NA,NA
Merismopedia cf minima,NA,NA
Merismopedia x  org,NA,NA
Micractinium cf bornhemiense,NA,NA
Microcystis aeruginosa x org,NA,NA
Microcystis tenuissima,NA,NA
Monodus aff clavata,NA,NA
Monodus curvata,NA,NA
Monoraphidium cf dybowskii,NA,NA
Mougeotia cf delicata,NA,NA
Nanofla no id,NA,NA
Naviculoide 1,NA,NA
Naviculoide 3 (brachysira),NA,NA
Nephrochlamys cf subsolitaria,NA,NA
Nephrocytium cf agardhianum,NA,NA
Nitzschia cf palea,NA,NA
Nitzschia cf sigma,NA,NA
Nitzschia cf subacicularis,NA,NA
Nitzschioide 2,NA,NA
Nitzschioide 4,NA,NA
Nitzschioides,NA,NA
Ochromonadales 1,NA,NA
Ochromonadales 2,NA,NA
Ochromonas  cf crenata,NA,NA
Ochromonas cf minuscula,NA,NA
Ochromonas cf sphaerella,NA,NA
Octacanthiumoctocorne,NA,NA
Oocystis cf marsonii,NA,NA
Oscillatoriales 1,NA,NA
Pediastrum cf privum,NA,NA
Pennada,NA,NA
Pennada sp4,NA,NA
Pennal sp,NA,NA
Pennales 12,NA,NA
Pennales 16,NA,NA
Pennales 20,NA,NA
Pennales 22,NA,NA
Pennales 25,NA,NA
Pennales 26,NA,NA
Pennales 29,NA,NA
Pennales 3,NA,NA
Pennales 30,NA,NA
Pennales 4,NA,NA
Pennales 9,NA,NA
Peridinium incospicum,NA,NA
Peridinium umbonatum (com espinho),NA,NA
Peridinium umbonatum (sem espinho),NA,NA
Peridinium/gyrodinium,NA,NA
Pico chloro flagelado 1,NA,NA
Pico chloro gota,NA,NA
Pico chryso 2,NA,NA
Pico chryso 3,NA,NA
Pico chryso 4,NA,NA
Pico chryso fla 1,NA,NA
Pico ni esferoide,NA,NA
Pico ni flagelado 1,NA,NA
Planktolynbya/eubacteria,NA,NA
Planktolyngbya cf minor,NA,NA
Pseudanabaena aff moniliformis,NA,NA
Pseudanabaena capillaris,NA,NA
Pseudanabaena cf galeata,NA,NA
Pseudodictyosphaerium jurisii,NA,NA
Pseudopedinella hexacostata,NA,NA
Quadrigula cf pfitzeri,NA,NA
Quadrigula cf quaternata,NA,NA
Raphidiopsis/cylindrospermopsis,NA,NA
Raphidophyceae 1,NA,NA
Raphidophyceae 2,NA,NA
Rhabdoderma afflineare,NA,NA
Rhabdogloea cf linearis,NA,NA
Roichosphaeria (aff),NA,NA
Romeria cf gracilis,NA,NA
Romeria cilindrocelullaris,NA,NA
Scenedesmus intermedius chod,NA,NA
Schroederia cf antillarum,NA,NA
Schroedriella setigera,NA,NA
Schroedriella sp,NA,NA
Selenastrum cf bibraianus,NA,NA
Siderocelys (aff),NA,NA
Small centrics,NA,NA
Snowella cf lacustris b,NA,NA
Sphaerelopsis sp,NA,NA
Sphaerocavum/mpanniformis (isolada),NA,NA
Sphaerocystis cf schroeteri x org,NA,NA
Spineferomonas sp,NA,NA
Spirulina affadriatica,NA,NA
Spirulina laxisima/nodosa/eubacteria,NA,NA
Staurastrum polimorphus/paradoxum,NA,NA
Staurastrum quadricauda (turp) breb,NA,NA
Staurodesmus cf connatus,NA,NA
Staurodesmus cf dejectus,NA,NA
Surirella cfrobusta/caproni,NA,NA
Synechococcus aquatilis,NA,NA
Synechococcus cf bigranulatus,NA,NA
Synedra (aff),NA,NA
Tetraedron minimun (a br) hansg,NA,NA
Tetraselmis (aff),NA,NA
Tetrastrum cf komarekii,NA,NA
Thorakochloris cf nygaardii,NA,NA
Trachelomonas 10,NA,NA
Trachelomonas cf cervicula,NA,NA
Trachelomonas cf hispida var duplex,NA,NA
Trachelomonas cf intermedia,NA,NA
Trachelomonas cf volvocinopsis,NA,NA
Trachelomonas rugulosa stein,NA,NA
Trybionela sp,NA,NA
Trybionella vitoriae,NA,NA
Volvocales 1,NA,NA
Volvocales 6 (fla unicell),NA,NA
