original.taxa.name,resolved.taxa.name.manual,resolved.source.manual
Aphanothece clathrata var. rosea,NA,NA
Aphanocapsa parasitica f. dinobryonis,NA,NA
Aphanocapsa parasitica f. dinobryonis single cell,NA,NA
Aphanocapsa elachista var. conferta,NA,NA
Chlorophyceae small colony,Chlorophyceae,manually
Chlorella + choricysits,Chloraphyta,manually
Choricystis cf minor,Choricystis minor,manually
Choricystis minor,Choricystis minor,manually
Coelosphaerium kutzingii,Coelosphaerium kuetzingianum,manually
Radiocystis aphaniticoidea,NA,manually
Chlorelloidea sp.,Myxococcoides chlorelloidea,manually
Schroederia antillarum,Pseudoschroederia antillarum,manually
Ulothrix barrel cell somtimes surounded by mucous,Ulothrix,manually
Anabaena flos-aquae f. lemmermannii,NA,NA
Anabaena flos-aquae var. treleasii,NA,NA
Kirchneriella subcapitata,Raphidocelis subcapitata,manually
Woronichinia naegeliana f. cellulaire,NA,NA
Chlorophyceae indetermined big,Chlorophyceae,manually
Aphanizomenon flos-aquae var. gracile,NA,NA
Didymocystis planctonica,Pseudodidymocystis planctonica,manually
Cf mantellum sp.,Mantellum,manually
Cylindrospermum bourget03,Cylindrospermum,manually
Kirchneriella contorta,Raphidocelis danubiana,manually
Pediastrum boryanum var. longicorne,NA,NA
Pseudokephyrion striatum,Pseudokephyrion striatum,manually
Scenedesmus intermedius var. acaudatus,NA,NA
Scenedesmus lunatus,Desmodesmus lunatus,manually
Gomphonema intricatum var. pumila,NA,NA
Crucigeniella rectangularis,Willea rectangularis,manually
Aphanizomenon issatschenkoi,Cuspidothrix issatschenkoi,manually
Tribonema microchloron var. cylindricum,NA,NA
Stomatocyst 130,Chrysophyceae,manually
Anabaena oscillarioides f. elliptica,NA,NA
Coenochloris pyrenoideum var. minimum,NA,manually
Tetrastrum punctatum,Lemmermannia punctata,manually
Scenedesmus intermedius var. bicaudatus,NA,NA
Tetrastrum komarekii,Lemmermannia komarekii,manually
Anabaena bergii var. limneticum,NA,NA
Scenedesmus bicaudatus var. brevicaudatus,NA,NA
Rhodomonas minuta var. nannoplanctica,NA,NA
Scenedesmus ecornis var. polymorphus,NA,NA
Stomatocyst 114,Chrysophyceae,manually
Cyclotella atomus var. gracilis,NA,NA
Ulothrix short cell and broken filament,Ulothrix,manually
Tetraedron minimum f. tetralobulatum,NA,NA
Scenedesmus bicaudatus var. fenestratus,NA,NA
Cell of dinobryon,Dinobryon,manually
Centric spp.,Bacillariophyceae,manually
Centric (cyclotella + stephanodiscus),Stephanodiscaceae,manually
Centric,Bacillariophyceae,manually
Scenedesmus acutus var. acutus,NA,NA
Heterothrix constricta,Xanthonema constrictum,manually
Stichogloea olivacea var. sphaerica,NA,NA
Stichogloea olivacea var. sphaerica single cell,NA,NA
Ankyra flagellated zoospore,Ankyra,manually
Anabaena solitaria var. planctonica,NA,NA
Scenedesmus denticulatus var. fenestratus,NA,NA
Cosmarium pygmaeum var. heimerlii,NA,NA
Scenedesmus lefevrii var. manguinii,NA,NA
Chrooccocus distans (4 cells),NA,manually
Cf. katodinium fongiforme,Katodinium fungiforme,manually
Dictyosphaerium cf tetrachotomum,Hindakia tetrachotoma,manually
Dinobryon sertularia var. protractum,NA,NA
Kirchneriella dichotomococcoides,Kirchneriella,manually
Stomatocyst fr1,Chrysophyceae,manually
Coenochloris ovalis,Neocystis ovalis,manually
Oscillatoria bourrellyi,Tychonema bourrellyi,manually
Scenedesmus disciformis f. disciformis,NA,NA
Peridinium inconspicuum var. remotum,NA,NA
Anabaena spiroides f. minima,NA,NA
Stomatocyst sp.,Chrysophyceae,manually
Chlamydomonas cf botryospora,NA,manually
Volvocale 4 flagella,Chlamydomonadales,manually
Fragilaria construens f. binodis,NA,NA
Scenedesmus intermedius var. intermedius,NA,NA
Scenedesmus spinosus,Desmodesmus spinosus,manually
Scenedesmus opoliensis var. carinatus,NA,NA
Anabaena circinalis f. tenuis,NA,NA
Dinobryon cf stokesii var. neustonicum,NA,NA
Scenedesmus obtusus f. alternans,NA,NA
Scenedesmus acutiformis,Acutodesmus acutiformis,manually
Aulacoseira granulata var. angustissima f. curvata,NA,NA
Pediastrum biradiatum,NA,manually
Cyclotella cf. distinguenda var. unipunctata,NA,NA
Pediastrum duplex var. gracillimum,NA,NA
Staurodesmus incus f. minor,NA,NA
Chlamydomonas gloeophila var. irregularis,NA,NA
Chlorophyceae indetermined small,Chlorophyceae,manually
Fragilaria capucina var. vaucheriae,NA,NA
Cosmarium polygonum var. hexagonum,NA,NA
Scenedesmus acutus var. alternans,NA,NA
Anabaena solitaria,Dolichospermum solitarium,manually
Cyst 1 of chrysophyceae,Chrysophyceae,manually
Fragilaria construens f. venter,NA,NA
Bicoeca cylindrica,NA,manually
Oedogonium large cell bourget03,Oedogonium,manually
Ulothrix long cell,Ulothrix,manually
Stokesiella epipyxis,Stokesiella epipyxis,manually
Chromulina cf erkensis,Chromulina erkensis,manually
Fragilaria capucina var. radians,NA,NA
Cosmarium abbreviatum f. minor,NA,NA
Fragilaria tenera var. lemanensis,NA,NA
Pediastrum simplex var. sturmii,NA,NA
Gomphonema parvulum var. exilissimum,NA,NA
Scenedesmus protuberans,Desmodesmus protuberans,manually
Aulacoseira granulata var. angustissima,NA,NA
Cyst chrysophycee,Chrysophyceae,manually
Salpingoeca minor,Bicosta minor,manually
Palmeacea sp.,Palmellaceae,manually
Bicoeca cf. campanulata petit morphotype,NA,manually
Epipyxis cylindrica,Epipyxis cylindrica,manually
Navicula clementis f. minor,NA,NA
Chlamydomonas conica var. subconica,NA,NA
Fragilaria ulna var. acus,Ulnaria acus,manually
Cyclotella costei f. petite aire centrale,NA,NA
Fotterella tetrachlorella,Fotterella tetrachlorella,manually
Dinobryon anneciense,Dinobryon anneciense,manually
Dinobryon sertularia var. protuberans,NA,NA
Closterium acutum var. linea,NA,NA
Bicoeca planctonica,NA,manually
Dinobryon sociale var. americanum,NA,NA
Dinobryon sociale var. americanum plein,NA,NA
Dinobryon sociale var. americanum vide,NA,NA
Dinobryon sociale var. stipitatum,NA,NA
Dinobryon sociale var. stipitatum plein,NA,NA
Dinobryon sociale var. stipitatum vide,NA,NA
Cyst 2 of chrysophyceae,Chrysophyceae,manually
Polyedriopsis bitridens,Chlorotetraëdron bitridens,manually
Pandorina morum var. major,NA,NA
Sphaerellopsis aulata,Vitreochlamys aulata,manually
Cosmarium novae-semliae var. sibericum,NA,NA
Closterium acutum var. variabile,NA,NA
Bicoeca campanulata,NA,manually
Katodinium hiemale,Borghiella pascheri,manually
Stomatocyst 153,Chrysophyceae,manually
Cosmarium sexangulare var. minus,NA,NA
Calycomonas pascheri,Ollicola pascheri,manually
Cyst of dinobryon,Dinophyceae,manually
Micro chlorophyceae,Chlorophyceae,manually
Tetraedron minimum var. scrobiculatum,NA,NA
Cosmarium phaseolus var. minus,NA,NA
Stomatocyst 2 spines,Chrysophyceae,manually
Dinobryon cylindricum var. alpinum plein,NA,NA
Dinobryon cylindricum var. alpinum vide,NA,NA
Cysts of chrysophyceae,Chrysophyceae,manually
Stomatocyst 219,Chrysophyceae,manually
Cocconeis placentula var. euglypta,NA,NA
Stomatocyst 5 spines,Chrysophyceae,manually
Cosmarium subsalsum,NA,manually
Ulothricophyceae sp.,Chlorophyceae,manually
Pseudostaurastrum alternans,Staurastrum alternans,manually
Closterium venus var. westii,NA,NA
Trachelomonas volvocina var. subglobosa,NA,NA
Stomatocyst 3 spines,Chrysophyceae,manually
Stomatocyst 62,Chrysophyceae,manually
Pseudostaurastrum hastatum var. palatinum,NA,NA
Cosmarium venustum var. minus,NA,NA
Stomatocyst 4 spines,Chrysophyceae,manually
Cosmarium subcostatum var. minus,NA,NA
Gymnodinium lantzschii f. major,NA,NA
Fragilaria ulna var. angustissima,NA,NA
Ulnaria delicatissima var. angustissima,NA,NA
Coenocystis planctonica var. hercynica,NA,NA
Peridiniopsis umbonatum,Peridinium umbonatum,manually
Cyst of chrysophyceaes,Chrysophyceae,manually
Fragilaria berolinensis,Belonastrum berolinense,manually
Cymbella helvetica var. curta,NA,NA
Stomatocyst 6 spines,Chrysophyceae,manually
Cosmarium subprotumidum var. gregorii,NA,NA
Cosmarium undulatum var. minutum,NA,NA
Peridinium inconspicuum var. contactum,Peridinium inconspicuum var. contactum,manually
Stephanodiscus hantzschii f. tenuis,NA,NA
Cosmarium subcostatum var. subcostatum,NA,NA
Phacus pleuronectes var. pleuronectes,NA,NA
Closterium acutum var. latius,NA,NA
Cosmarium depressum var. planctonicum,NA,NA
Peridinium umbonatum,Peridinium umbonatum,manually
Peridinium umbonatum var. conjectum f. spiniferum,NA,NA
Staurastrum johnsoni var. triradiatum,NA,NA
Staurastrum messikomerii f. planctonicum,NA,NA
Cyst of ceratium hirundinella,Ceratium hirundinella,manually
Cyst of peridinien,NA,manually
Closterium cf. lanceolatum var. parvum,NA,NA
Staurastrum sebaldii var. ornatum,NA,NA
Staurastrum sebaldii var. ornatum f quadriradiata,NA,NA
Eunotia serra var. tetraodon,NA,NA
Cosmarium margaritiferum f. regularius,NA,NA
Cosmarium pseudopyramidum,NA,manually
Gymnodinium umberrinum,NA,manually
Staurastrum planctonicum var. bulbosum,NA,NA
Cymatopleura solea var. regula,NA,NA
Cyclotella bodanica var. bodanica,NA,NA
Cyclotella bodanica var. lemanensis,NA,NA
Ankistrodesmus convolutus,Monoraphidium convolutum,manually
Oscillatoria agardhii,Planktothrix agardhii,manually
Oscillatoria lemmermanni,Anagnostidinema lemmermannii,manually
Scenedesmus intermedius,Desmodesmus intermedius,manually
Deasonia gigantica,Deasonia prolifera,manually
Deasonia gigantica,Deasonia prolifera,manually
Kephyrion gracilis,Kephyriopsis gracilis,manually
Oscillatoria minnesotensis,Phormidium minnesotense,manually
Anabaena crassa,Dolichospermum crassum,manually
Anabaena mendotae,Dolichospermum mendotae,manually
Aphanizomenon ovalisporum,Umezakia ovalisporum,manually
Kephyrion gracile,Kephyrion gracile,manually
Gomphosphaeria pallidum,Coelosphaerium pallidum,manually
Centric diatom,Bacillariophyceae,manually
Chroomonas rosenbergii,Chroomonas coerulea,manually
Tetracystis chlorococcoides,Chlorococcum chlorococcoides,manually
Achnanthidium duthii,Achnanthidium duthii,manually
Achnanthes lapponica,Eucocconeis quadratarea,manually
Achnanthes reimeri,Achnanthidium reimeri,manually
Amphora holsatica,Halamphora holsatica,manually
Cymbella subcuspidata,Cymbopleura subcuspidata,manually
Eunotia nymanii,NA,manually
Fragilaria elliptica,NA,manually
Gomphonema geitleri,Gomphonema geitleri,manually
Navicula subatomoides,Psammothidium subatomoides,manually
Navicula canoris,Navigiolum canoris,manually
Navicula utermhii,Navicula utermhii,manually
Navicula sublucidula,Fallacia sublucidula,manually
Navicula evanida,Chamaepinnularia evanida,manually
Navicula wienzierlii,NA,manually
Nitzschia lancetulla,NA,manually
Opephora martyi,Staurosirella martyi,manually
Rhopalodia operculata,Epithemia operculata,manually
Encyonema perpussilum,NA,manually
Luticola naviculoides,Luticola minor,manually
Punctastriata pinnata,Staurosirella pinnata,manually
Rossithidium duthii,Rossithidium duthiei,manually
Encyonopsis evergladianum,Encyonopsis evergladianum,manually
Geissleria aikenensis,Navigeia aikenensis,manually
Cosmarium zygomorphum,NA,manually
Gonium sociale,Tetrabaena socialis,manually
Scenedesmus quadricuada,NA,manually
Hapalosiphon hibernius,NA,manually
Lyngbya lattisima,NA,manually
Platessa hustedtii,Psammothidium hustedtii,manually
Pediastrum privum,Stauridium privum,manually
Anabaena smithii,Dolichospermum smithii,manually
Anabaena mucosa,Dolichospermum mucosum,manually
Dictyosphaerium tetrachotomum,Hindakia tetrachotoma,manually
Synechococcus gracilis,Romeria gracilis,manually
Pediastrum kawraiskyi,Pseudopediastrum kawraiskyi,manually
Bulbochaeta,Bulbochaete,manually
Amphiprora ornata,Entomoneis ornata,manually
Anabaena curva,Dolichospermum curvum,manually
Peridiniopsis edax,Tyrannodinium edax,manually
Chodatella citriformis,Lagerheimia citriformis,manually
Syncrypta perlata,Synuropsis perlata,manually
Didymocystis planktonica,Pseudodidymocystis planctonica,manually
Phormidium splendens,NA,manually
Stephanocodon socialis,Bicosoeca socialis,manually
Dictyosphaerium botrytella,Mychonastes botrytella,manually
Heterothrix tenuissima,Heterothrix tenuissima,manually
Merismopedia tenuis,Merismopedia tenuissima,manually
Nannochloris atomus,Picochlorum atomus,manually
Paralauterboniella,Paralauterborniella,manually
Stichtochironomus,Chironomus,manually
Pseudosmittia subtriloba,NA,manually
Echinopus giboni,NA,manually
Caenospella meridies,NA,manually
Caenospella,NA,manually
Hyalophlebia patnciae,NA,manually
Nadinatella,Nadinatella,manually
Polypedilum subgenus pentapedium,NA,manually
Polypedilum subgenus polypedilum,NA,manually
Afrolochus harrisoni,NA,manually
Madecocerus,NA,manually
Afroneurus ethiopicus,Heptageniidae,manually
Adenophleboides,Adenophlebiodes,manually
Ictinogomphus ruwenzorica,Ictinogomphus,manually
Ictinogomphus selysi,Ictinogomphus,manually
Ictinogomphus soror,Ictinogomphus,manually
Allocnemis singularis,Allocnemis,manually
Ehteria elliptica,NA,manually
Chaoborus (sayomyia),Chaoborus,manually
Thaumeliidae,Thaumaleidae,manually
Bosmina liederi/longirostris,Bosmina,manually
Bosminids spp.,Bosminidae,manually
Bythotrephes longimanus-(total),Bythotrephes longimanus,manually
Bythotrephes longimanus-(core),Bythotrephes longimanus,manually
Bythotrephes longimanus-(spine),Bythotrephes longimanus,manually
Ceriopdaphnia sp.,Ceriodaphnia,manually
Cyclops abyssorum,NA,manually
Cyclops bicuspidatus,NA,manually
Cyclops bicuspidatus-thomasi,Diacyclops thomasi,manually
Cyclops bohater,NA,manually
Cyclops kolensis,NA,manually
Cyclops leuckarti,NA,manually
Cyclops leuckarti-(m),Mesocyclops leuckarti,manually
Cyclops scutifer,NA,manually
Cyclops strenuus,NA,manually
Cyclops vernalis,NA,manually
Cyclops vicinus,NA,manually
Daphniids spp.,Daphniidae,manually
Diaptomiids spp.,Diaptomus,manually
Diaptomus graciloides-(m),Eudiaptomus graciloides,manually
Harpacticoids spp.,Harpacticoida,manually
Cyclops furcifer,NA,manually
Cyclops lacustris,NA,manually
Cyclops insignis,NA,manually
Copepodit calanoida,Calanoida,manually
Copepodit cyclopoida,Cyclopoida,manually
Nauplii copepoda,Copepoda,manually
Chlorella minutissima,Mychonastes homosphaera,manually
Desmodesmus armatus var. longispina,NA,NA
Dictyosphaerium pulchellum var. minutum,NA,NA
Pseudopediastrum boryanum var. longicorne,NA,NA
Scenedesmus armatus var. boglariensis,NA,NA
Scenedesmus denticulatus var. brevispinus,NA,NA
Scenedesmus granulatus f. spinosus,Scenedesmus granulatus f. spinosus,manually
Scenedesmus lefevrei var. manguinii,NA,NA
Scenedesmus obtusus f. disciformis,NA,NA
Scenedesmus quadricauda var. longispinus,NA,NA
Tetraedron minimum var. tetralobulatum,NA,NA
Dinobryon divergens var. schauinslandii,NA,NA
Dinobryon suecicum var. longispinum,NA,NA
Kephyrion elegans,Kephyrion elegans,manually
Kephyrion welshii,Kephyrion welshii,manually
Synochromonas elaeochrus,Synuropsis elaeochrus,manually
Aulacoseira ambigua f. japonica,NA,NA
Cyclotella cretica var. cyclopuncta,NA,NA
Ulnaria ulna var. acus,NA,NA
Trachelomonas volvocina var. punctata,NA,NA
Tetradriella,NA,manually
Aulacoseira ambigua f.  curvata,NA,NA
Achnanthes brevipes var. intermedia,NA,NA
Achnanthes brevipes var. brevipes,NA,NA
Achnanthes biasolettiana var. thienemannii,NA,NA
Amphora coffeaeformis var. acutiuscula,NA,NA
Amphora coffeaeformis var. coffeaeformis,NA,NA
Achnanthidium minutissima var. affinis,NA,NA
Adlafia minuscula var. muralis,NA,NA
Achnanthidium rosenstockianum,NA,manually
Achnanthes exigua var. elliptica,NA,NA
Achnanthes minutissima var. inconspicua,NA,NA
Achnanthes minutissima var. minutissima,NA,NA
Achnanthes minutissima var. jackii,NA,NA
Achnanthes ploenensis var. gessneri,NA,NA
Achnanthes ploenensis var. ploenensis,NA,NA
Aulacoseira distans var. nivalis,NA,NA
Bacillaria paxillifera var. paxillifer terato,NA,NA
Bacillaria paxillifera var. paxillifera,NA,NA
Cymbella excisa var. excisa,NA,NA
Cymbella affinis var. affinis,NA,NA
Caloneis amphisbaena f.  amphisbaena,NA,NA
Cymbopleura frequens var. frequens,NA,NA
Cymbopleura kuelbsii var. kuelbsii,NA,NA
Cymbopleura naviculiformis var. naviculiformis,NA,NA
Cavinula cocconeiformis f.  elliptica,NA,NA
Cyclotella distinguenda var. distinguenda,NA,NA
Cyclotella distinguenda-unipunctata,Cyclotella distinguenda var. unipunctata,manually
Cymbella excisa var. angusta,NA,NA
Cymatopleura elliptica var. elliptica,NA,NA
Cymbella excisiformis var. nonprotracta,NA,NA
Cymbella excisa var. procera,NA,NA
Cymbella excisiformis var. excisiformis,NA,NA
Cymbella hustedtii var. hustedtii,NA,NA
Cymbella kolbei var. kolbei,NA,NA
Cymbella laevis var. laevis,NA,NA
Cymbella lanceolata var. lanceolata,NA,NA
Cymbella neocistula var. neocistula,NA,NA
Cymbella neoleptoceros var. neoleptoceros,NA,NA
Cocconeis placentula var. euglypta terato,NA,NA
Cocconeis placentula var. placentula,NA,NA
Cocconeis placentula var. lineata,NA,NA
Cocconeis placentula var. klinoraphis,NA,NA
Cocconeis placentula var. pseudolineata,NA,NA
Cymbella proxima var. proxima,NA,NA
Cymbopleura rhomboidea var. rhomboidea,NA,NA
Cymatopleura solea var. apiculata,NA,NA
Cymbopleura subaequalis var. subaequalis,NA,NA
Caloneis schumanniana var. biconstricta,NA,NA
Caloneis schumanniana var. biconstricta f.  minor,NA,NA
Cymatopleura solea var. solea,NA,NA
Cymbella subtruncata var. subtruncata,NA,NA
Cymbella turgidula var. turgidula,NA,NA
Cymbella tropica var. tropica,NA,NA
Cymbella vulgata var. vulgata,NA,NA
Diadesmis contenta var. biceps,NA,NA
Diadesmis confervacea var. confervacea,NA,NA
Delicata delicatula var. alpestris,NA,NA
Delicata delicatula var. delicatula,NA,NA
Diadesmis gallica var. perpusilla,NA,NA
Diatoma hyemalis var. hyemalis,NA,NA
Denticula kuetzingii var. kuetzingii,NA,NA
Denticula tenuis var. crassula,NA,NA
Diatoma vulgaris f.  lineare,NA,NA
Eunotia arcus var. arcus,NA,NA
Epithemia argus var. argus,NA,NA
Eunotia bilunaris var. bilunaris,NA,NA
Eunotia exigua var. tenella,NA,NA
Eunotia incisa var. incisa,NA,NA
Encyonema silesiacum var. latestriata,NA,NA
Eunotia muscicola var. muscicola,NA,NA
Entomoneis paludosa var. paludosa,NA,NA
Eunotia pectinalis var. pectinalis,NA,NA
Eunotia pectinalis var. recta,NA,NA
Eunotia praerupta var. praerupta,NA,NA
Eunotia paludosa var. trinacria,NA,NA
Eunotia pectinalis var. undulata,NA,NA
Encyonema silesiacum var. ventriformis,NA,NA
Epithemia turgida var. turgida,NA,NA
Eunotia paludosa var. paludosa,NA,NA
Fragilaria arcus var. arcus,NA,NA
Fragilaria capucina var. amphicephala,NA,NA
Fragilaria capucina var. capucina,NA,NA
Fragilaria capucina var. austriaca,NA,NA
Fragilaria construens f.  binodis,NA,NA
Fragilaria capucina var. distans,NA,NA
Fragilaria capucina var. mesolepta,NA,NA
Fragilaria capucina var. rumpens,NA,NA
Fragilaria capucina var. vaucheriae terato,NA,NA
Fragilaria delicatissima,NA,manually
Fallacia difficillimoides,Fallacia difficillimoides,manually
Fragilaria famelica var. famelica,NA,NA
Fragilaria pinnata var. pinnata,NA,NA
Frustulia rhomboides var. amphipleuroides,NA,NA
Fragilaria ulna var. ulna,NA,NA
Fragilaria zeilleri var. elliptica,NA,NA
Gomphonema ba var. icum,Gomphonema bavaricum,manually
Gomphoneis eriense var. variabilis,NA,NA
Gomphonema micropus var. micropus,NA,NA
Gomphonema minutum f.  minutum,NA,NA
Gomphoneis minuta var. minuta,NA,NA
Gomphonema olivaceum var. balticum,NA,NA
Gomphonema olivaceum var. olivaceum,NA,NA
Gomphonema olivaceum var. minutissimum,NA,NA
Gomphonema parvulum var. parvulum f.  parvulum,NA,NA
Gomphonema parvulum var. parvulum f.  saprophilum,NA,NA
Gomphonema pumilum var. elegans,NA,NA
Gomphonema pumilum var. rigidum,NA,NA
Licmophora gracilis var. gracilis,NA,NA
Luticola kotschyi,NA,manually
Luticola af f mutica,Luticola mutica,manually
Mayamaea atomus var. alcimonica,NA,NA
Mayamaea atomus var. permitis,NA,NA
Meridion circulare var. constrictum,NA,NA
Meridion circulare var. circulare,NA,NA
Mayamaea fossalis var. obsidialis,NA,NA
Nitzschia amphibia f.  amphibia,NA,NA
Nitzschia dianae,NA,manually
Nitzschia dissipata var. dissipata,NA,NA
Nitzschia dissipata var. media,NA,NA
Naviculadicta vitabunda,NA,manually
Nitzschia filiformis var. conferta,NA,NA
Nitzschia filiformis var. filiformis,NA,NA
Nitzschia fonticola var. pelagica,NA,NA
Nitzschia frustulum var. frustulum,NA,NA
Nitzschia liebetruthii var. liebetruthii,NA,NA
Nitzschia linearis var. linearis,NA,NA
Nitzschia linearis var. subtilis,NA,NA
Navicula menisculus var. menisculus,NA,NA
Navicula minuscula var. muralis,NA,NA
Nitzschia palea var. debilis,NA,NA
Nitzschia palea var. tenuirostris,NA,NA
Navicula reichardtiana var. reichardtiana,NA,NA
Navicula salinarum var. salinarum,NA,NA
Navicula salinarum var. rostrata,NA,NA
Navicula schroeteri var. schroeteri,NA,NA
Nitzschia sinuata var. sinuata,NA,NA
Nitzschia sinuata var. tabellaria,NA,NA
Naviculadicta schmassmannii,NA,manually
Navicula trivialis var. trivialis,NA,NA
Nupela lapidosa var. lapidosa,NA,NA
Navicula vandamii var. vandamii,NA,NA
Naviculadicta laterostrata,NA,manually
Navicula vandamii var. mertensiae,NA,NA
Naviculadicta seminulum,NA,manually
Navicula viridula var. germainii,NA,NA
Navicula viridula var. rostellata,NA,NA
Nitzschia linearis var. tenuis,NA,NA
Pinnularia acrospheria var. acrospheria,NA,NA
Pinnularia appendiculata var. appendiculata,NA,NA
Pinnularia borealis var. borealis,NA,NA
Pinnularia brebissonii var. brebissonii,NA,NA
Pinnularia divergentissima var. subrostrata,NA,NA
Pinnularia dubitabilis var. dubitabilis,NA,NA
Psammothidium grischunum f.  daonensis,NA,NA
Pinnularia globiceps var. globiceps,NA,NA
Pleurosira laevis f.  laevis,NA,NA
Planothidium peragalli var. parvulum,NA,NA
Pinnularia lundii var. lundii,NA,NA
Pinnularia microstauron var. microstauron,NA,NA
Placoneis placentula f.  rostrata,NA,NA
Pseudostaurosira parasitica var. subconstricta,NA,NA
Pinnularia subcapitata var. subcapitata,NA,NA
Pinnularia subrupestris var. cruciata,NA,NA
Pinnularia subcapitata var. elongata,NA,NA
Pinnularia subgibba var. subgibba,NA,NA
Pinnularia sudetica var. sudetica,NA,NA
Pinnularia viridiformis var. viridiformis m 1,NA,NA
Pinnularia viridis var. viridis m 1,NA,NA
Pinnularia viridiformis var. viridiformis m 3,NA,NA
Rhopalodia gibba var. gibba,NA,NA
Surirella brebissonii var. kuetzingii,NA,NA
Surirella brebissonii var. brebissonii,NA,NA
Surirella brightwellii var. brightwellii,NA,NA
Staurosira construens var. binodis,NA,NA
Staurosira construens f.  subsalina,NA,NA
Staurosira construens var. venter,NA,NA
Staurosira construens f.  venter,NA,NA
Synedrella subconstricta,NA,manually
Surirella helvetica,NA,manually
Stephanodiscus hantzschii f.  tenuis,NA,NA
Surirella linearis var. constricta,NA,NA
Stauroneis legumen var. integra,NA,NA
Staurosirella pinnata var. intercedens,NA,NA
Staurosira berolinensis,NA,manually
Stauroneis siberica var. siberica,NA,NA
Tryblionella gracilis var. subsalina,NA,NA
Thalassiosira hyperborea var. pelagica,NA,NA
Ulnaria ulna var. angustissima,NA,NA
Cyclops sp,Copepoda,manually
Cyclopoid copepod,Cyclopoida,manually
Limnomonas gaiensis,NA,manually
Cyclops sp.,Copepoda,manually
Cyclops sp.,Copepoda,manually
Harpacticoid sp.,Harpacticoida,manually
Calanoid,Calanoida,manually
Cyclopoid,Cyclopoida,manually
Nauplii,Copepoda,manually
Nauplii,Copepoda,manually
Mosquito,NA,manually
Stonefly,Plecoptera,manually
Mayfly,Ephemeroptera,manually
Beetle,NA,manually
Unknown rotifer,Rotifera,manually
Pseudokirchneriella subcapitata,NA,manually
Oscillatoria jovis,NA,manually
Anabena,Anabaena,manually
Golden flagellates,Chrysophyceae,manually
Euglena small,Euglena,manually
Bdelodea,Bdelloidea,manually
Synechoccus,Synechococcus,manually
Non identified ciliate,Ciliophora,manually
Small scuticociliata,Scuticociliate,manually
Tintinidium sp.,Tintinnidium,manually
Copepod nauplii,Copepoda,manually
Polyarthra aff. vulgaris,Polyarthra vulgaris,manually
Trichocerca dixon nuttali,Trichocerca dixonnuttalli,manually
Cyclopoida nauplii,Cyclopoida,manually
Cyclopoida copepodid,Cyclopoida,manually
Small greens,couldn't resolve,manually
Small chrysophytes,Chrysophyceae,manually
Copepodite,Copepoda,manually
Ciclopoida,Cyclopoida,manually
Chlorococcoum sp.,Chlorococcum,manually
Neochloris oleoabundans,NA,manually
Euglenofita,Euglenophyta,manually
Peridinial,Peridiniales,manually
Plagioselmis nannoplanctonica,NA,manually
Fitoflagelado,couldn't resolve,manually
Carteria compressa,Carteria compressa,manually
Chlamydomonas lobata,NA,manually
Volvocal sp.2,Chlamydomonadales,manually
Volvocal sp.1,Chlamydomonadales,manually
Dinoflagelado desnudo,Dinoflagellata,manually
Phacus agilis,NA,manually
Trachelomonas sydneyensis var. minor,NA,NA
Raphydophyta,Raphidophyceae,manually
Pseudocuadrigula sp,couldn't resolve,manually
Polynucleobacterwuianus,Polynucleobacter wuianus,manually
Polynucleobacterasymbioticus,Polynucleobacter asymbioticus,manually
Polynucleobacterduraquae,Polynucleobacter duraquae,manually
Polynucleobactersinensis,Polynucleobacter sinensis,manually
Polynucleobacteryangtzensis,Polynucleobacter yangtzensis,manually
Fragilaria pinnata var. intercedens,NA,NA
Aulacoseira granulata var. valida,NA,NA
Fragilaria brevistriata var. inflata,NA,NA
Bothriococcus,Botryococcus,manually
Nitzchia,NA,manually
Trichodina diaptomi,NA,manually
Clamydomonas sajao,NA,manually
Planctonema lacustris,Planctonema,manually
Small flagelates,couldn't resolve,manually
Asplachna sp.,NA,manually
Chrysomonad,Chrysomonadales,manually
Chlamydocapsa cingulata,Chlamydocapsa,manually
Vorticella aquadulcis,NA,manually
Coconeis sp.,Cocconeis,manually
Kirchneriella bibraiana,NA,manually
Volvocales,Chlamydomonadales,manually
Dolichospermum variabilis,Dolichospermum,manually
Heterolepadella ehrenbergi,Lepadella ehrenbergi,manually
Comasiella arcuata var. platydisca,NA,NA
Oscillatoria rosea,NA,manually
Lecane lunaris ehrenberg,NA,NA
Lecane quadridentata ehrenberg,NA,NA
Macrochetus sp.,Macrochaetus,manually
Nauplii cyclopoida,Cyclopoida,manually
Nauplii calanoida,Cyclopoida,manually
Nauplii harpacticoida,Harpacticoida,manually
Cyclopoida copepodite,Cyclopoida,manually
Acutodesmus acuminatus,NA,manually
Akanthochloris ssp,NA,manually
Amphidinium geitleri,NA,manually
Amphidinium lohammari,NA,manually
Aphanothece clathrata var. brevis,NA,NA
Aphanothece endophytica,NA,manually
Artrospira ssp,Arthrospira,manually
Astasia vacuolata,NA,manually
Bicosoeca lauterbornii,Bicosoeca lauterbornei,manually
Bicosoeca mitra var. suecica,NA,NA
Bicosoeca planctonica var. multiannulata,NA,NA
Borzia endophytica,NA,manually
Carteria sphaerica,NA,manually
Centritractus globulosus,NA,manually
Centritractus pseudobrunneus,Centritractus brunneus,manually
Centritractus rotundatus,NA,manually
Centritractus selliferus,NA,manually
Chaetopeltis orbicularis f. megalocystis,NA,NA
Characiopsis aculeata,NA,manually
Characiopsis crassirostrum,NA,manually
Characiopsis obliqua,NA,manually
Characiopsis spina,NA,manually
Characiopsis subulata var. ensiformis,NA,NA
Characiopsis varians,NA,manually
Characiopsis ventricosa,NA,manually
Characium subconstrictum,NA,manually
Chlorangiopsis systylis,NA,manually
Chlorella saccharophila,NA,manually
Chromulina crassa,NA,manually
Chroococcus dispersus var. minor,NA,NA
Chroococcus limneticus var. elegans,NA,NA
Chroococcus siderochlamys,NA,manually
Chroomonas nordstedtii f. minor,NA,NA
Chroostipes linearis,NA,manually
Chrysamoeba scherffelii,NA,manually
Chrysochromulina brevifilum,NA,manually
Chrysochromulina chiton,NA,manually
Chrysochromulina ericina,NA,manually
Chrysochromulina fragaria,NA,manually
Chrysochromulina hirta,NA,manually
Chrysochromulina kappa,NA,manually
Chrysochromulina minor,NA,manually
Chrysococcus ovoides,Chrysococcocystis ovoides,manually
Chrysococcus rufescens f. tripora,NA,NA
Chrysolykos angulatus f. bicornis,NA,NA
Chrysoxys rhizopodica,NA,manually
Closterium calosporum var. brasiliense,NA,NA
Closterium closterioides var. intermedium,NA,NA
Closterium dianae var. arcuatum,NA,NA
Closterium dianae var. minus,NA,NA
Closterium gracile var. elongatum,NA,NA
Closterium leibleinii var. boergesenii,NA,NA
Closterium limneticum var. fallax,NA,NA
Closterium limneticum var. tenue,NA,NA
Closterium littorale var. crassum,NA,NA
Closterium nordstedtii var. polystictum,NA,NA
Closterium ralfsii var. hybridum,NA,NA
Closterium strigosum var. elegans,NA,NA
Closterium submoniliferum var. malinvernianum,NA,NA
Closterium tumidum var. nylandicum,NA,NA
Coccomyxa lunaris,Coccomyxa,manually
Coelastrum cambricum var. intermedium,NA,NA
Coelastrum microporum var. octaedricum,NA,NA
Coelastrum microporum var. punctatum,NA,NA
Coenochloris diplococca,NA,manually
Coenochloris mucosa,NA,manually
Coenochloris polycocca,NA,manually
Coenocystis diplococca,Coenocystis,manually
Colacium vesiculosum f. arbuscula,NA,NA
Cosmarium abbreviatum var. germanicum,NA,NA
Cosmarium abbreviatum var. minus,NA,NA
Cosmarium abbreviatum var. planctonicum,NA,NA
Cosmarium biretum var. trigibberum,NA,NA
Cosmarium botrytis var. subtumidum,NA,NA
Cosmarium contractum var. ellipsoideum,NA,NA
Cosmarium contractum var. minutum,NA,NA
Cosmarium cucumis var. helveticum,NA,NA
Cosmarium holmiense var. integrum,NA,NA
Cosmarium impressulum f. minor,NA,NA
Cosmarium laeve var. pseudoctangulare,NA,NA
Cosmarium ornatulum var. depressum,NA,NA
Cosmarium pachydermum var. aethiopicum,NA,NA
Cosmarium phaseolus f. minor,NA,NA
Cosmarium polygonum var. acutius,NA,NA
Cosmarium punctulatum var. subpunctulatum,NA,NA
Cosmarium pygmaeum var. apertum,NA,NA
Cosmarium pygmaeum var. perornatum,NA,NA
Cosmarium regnesii var. montanum,NA,NA
Cosmarium regnesii var. polonicum,NA,NA
Cosmarium reniforme var. depressum,NA,NA
Cosmarium reniforme var. elevatum,NA,NA
Cosmarium sphagnicola var. pachygonum,NA,NA
Cosmarium subspeciosum var. transiens,NA,NA
Cosmarium subtumidum var. klebsii,NA,NA
Cosmarium tinctum var. tumidum,NA,NA
Cosmarium venustum var. excavatum,NA,NA
Crucigenia quadrata var. secta,NA,NA
Crucigeniella neglecta,NA,manually
Cryptomonas butschlii,NA,manually
Desmarella sphaeroidea,Desmarella,manually
Desmodesmus armatus var. bicaudatus,NA,NA
Desmodesmus armatus var. spinosus,NA,NA
Desmodesmus denticulatus var. linearis,NA,NA
Desmodesmus opoliensis var. carinatus,NA,NA
Diacanthos belenophorus,NA,manually
Dictyosphaerium anomalum,NA,manually
Dictyosphaerium sphagnale,NA,manually
Dictyosphaerium tetrachotomum var. minutum,NA,NA
Diplochloris hortobagyi,NA,manually
Epipyxis lauterbornii var. mucicola,NA,NA
Epipyxis utriculus var. acuta,NA,NA
Euastrum humerosum var. affine,NA,NA
Euglena deses f. klebsii,NA,NA
Euglena gigas,NA,manually
Euglena oxyuris f. maior,NA,NA
Euglena oxyuris f. skvortzovii,NA,NA
Euglena oxyuris var. minor,NA,NA
Euglena spatirhyncha,NA,manually
Euglena spirogyra var. fusca,NA,NA
Glenodinium foliaceum,NA,manually
Gloeococcus planctogloea,Gloeococcus planctogloea,manually
Gymnodinium acuminatum,NA,manually
Gymnodinium chlorophorum,NA,manually
Gymnodinium fissum,NA,manually
Gymnodinium halophilum,NA,manually
Gymnodinium inversum var. elongatum,NA,NA
Gymnodinium tenuissimum,NA,manually
Gymnodinium uncatenatum,NA,manually
Katodinium bohemicum,NA,manually
Katodinium schilleri,NA,manually
Katodinium spirodinioides,NA,manually
Kephyrion haemispaericum,NA,manually
Kephyriopsis entzii,NA,manually
Keratococcus braunii,NA,manually
Kirchneriella concorta,NA,manually
Kirchneriella rotunda,NA,manually
Lagerheimia longiseta var. major,NA,NA
Leiblenia ssp,Leibleinia,manually
Lepocinclis ovum var. buetschlii,NA,NA
Leptolyngbya edaphica,NA,manually
Leptolyngbya rivularium,NA,manually
Leptolyngbya tenius,NA,manually
Mallomonas bacterium,NA,manually
Mallomonas tonsurata var. alpina,NA,NA
Menoidium costatum,NA,manually
Microcystis pulverea f. delicatissima,NA,NA
Microglena subglobosa,NA,manually
Monallanthus ssp,NA,manually
Nephrocytium allonthoideum,NA,manually
Nephroselmis pelagica,Nephroselmis,manually
Netrium digitus var. naegelii,NA,NA
Ochromonas coronifera,NA,manually
Ochromonas nana,NA,manually
Ochromonas ornata,NA,manually
Ochromonas sociabilis,NA,manually
Ochromonas sphaerella,NA,manually
Oocystis ecballocystiformis,NA,manually
Oocystis submarina var. variabilis,NA,NA
Oocystis taionensis,NA,manually
Pediastrum simplex var. radians,NA,NA
Pediastrum simplex var.duodenarium,NA,NA
Pediastrum tetras var. apiculatum,NA,NA
Pediastrum tetras var. excisum,NA,NA
Peridiniopsis reticulata,NA,manually
Peridinium umbonatum var. goslaviense,NA,NA
Phacus caudatus var. minor,NA,NA
Phacus monilatus var. suecicus,NA,NA
Phacus orbicularis f. minor,NA,NA
Phacus pyrum var. pseudonordstedtii,NA,NA
Podohedra falcata,NA,manually
Polygoniochloris tetragona,NA,manually
Porphyrosihon ssp,Porphyrosiphon,manually
Prismatella parvulus,Prismatella hexagona,manually
Protococcus wimmeri,NA,manually
Prymnesium parvum f. patelliferum,NA,NA
Pseudochlorangium anomalum,NA,manually
Pseudodictyosphaerium elegans,NA,manually
Pseudokephyrion gallicum,NA,manually
Pseudokephyrion inflatum,NA,manually
Pseudokephyrion pilidum,NA,manually
Pseudokephyrion urnula,NA,manually
Rhodomonas lacustris var. nannoplanctica,NA,NA
Scenedesmus acutus f. tetradesmiformis,NA,NA
Scenedesmus arcuatus var. platydiscus,NA,NA
Scenedesmus armatus var. bicaudatus,NA,NA
Scenedesmus armatus var. longispina,NA,NA
Scenedesmus armatus var. platydiscus,NA,NA
Scenedesmus bellospinosus,NA,manually
Scenedesmus columnatus,NA,manually
Scenedesmus costatus,NA,manually
Scenedesmus denticulatus var. linearis,NA,NA
Scenedesmus intermedius var. acutispinus,NA,manually
Scenedesmus intermedius var. balatonicus,NA,NA
Scenedesmus obtusus var. alternans,NA,NA
Scenedesmus pectinatus,NA,manually
Scenedesmus pleiomorphus,NA,manually
Scenedesmus pseudohelveticus,NA,manually
Scenedesmus quadricauda var. longispina,NA,NA
Scenedesmus quadricauda var. maximus,NA,NA
Scenedesmus quadricauda var. mirificus,NA,NA
Scenedesmus quadricauda var. quadrispina f. spinosus,NA,NA
Scenedesmus raciborskii,NA,manually
Scenedesmus tortuosus,Scenedesmus acuminatus f. tortuosus,manually
Siderocystopsis fusca,NA,manually
Sphaerellopsis gloeosphaera,NA,manually
Sphaerellopsis lateralis,NA,manually
Sphaerellopsis mucosa,NA,manually
Sphaerellopsis velata,NA,manually
Spiniferomonas serrata,NA,manually
Stokesiella minutissima,NA,manually
Strombomonas verrucosa var. zmiewika,NA,NA
Stylochrysalis libera,NA,manually
Syncrypta elaeochrus,NA,manually
Tetrablepharis obovalis,Tetrablepharis obovalis,manually
Tetrademus ssp,Tetradesmus,manually
Tetraedron schmidlei,NA,manually
Tetraerdon caudatum,NA,manually
Tetraerdon triangulare,NA,manually
Tetraselmis elegans,Tetraselmis,manually
Tetraspora lubrica var. lacunosa,NA,NA
Trachelomonas armata var. longa,NA,NA
Trachelomonas armata var. steinii,NA,NA
Trachelomonas hispida var. acuminata,NA,NA
Trachelomonas hispida var. caudata,NA,NA
Trachelomonas hispida var. coronata,NA,NA
Trachelomonas hispida var. crenulatocollis,NA,NA
Trachelomonas lacustris var. ovalis,NA,NA
Trachelomonas planctonica var. oblonga,NA,NA
Trachelomonas scabra var. labiata,NA,NA
Trachelomonas volzii var. intermedia,NA,NA
Uroglena eustylis,NA,manually
A sterionella formosa,Asterionella formosa,manually
Cryptornonas erosa,NA,manually
Cryptornonas ovata,NA,manually
Gymnodiniurn sp .,Gymnodinium,manually
Chrooccocus turgidus,NA,manually
Daphnia ambiuga,NA,manually
Gleocapsa sp.,NA,manually
Planktothrix aghardii,NA,manually
Borgheillia dodgei,Borghiella dodgei,manually
Polyarthra dolycoptera,NA,manually
Synchatea pectinata,NA,manually
Cymbopleura solea,NA,manually
Tetrastnun staurogeniaeforme,NA,manually
Crucigenia divergens,NA,manually
Thalassiosira cleve sp.1,NA,NA
Actinastrwn fluviatile,NA,manually
Tetrastrumelegans playfair,Tetrastrum elegans,manually
Synedra acusvar,Synedra acus var. acus,manually
Melosira granulata var. angustissima,NA,NA
Chlorella fusca var. vacuolata,NA,NA
Desmodesmus obliquus,Scenedesmus obliquus,manually
Pyxicola ovata,NA,manually
Pyxicola psammata,NA,manually
Acantholebris cruvirostris,NA,manually
Calanoid copepodid,Calanoida,manually
Cyclopoid copepodid,Cyclopoida,manually
Cyclops columbianus,NA,manually
Harpacticoid,Harpacticoida,manually
Onychodiaptomus singuienus,NA,manually
Ostracod,Ostracod,manually
Unapertura latens,NA,manually
Actinotaenium silvae-nigrae var. paralellum,NA,NA
Closterium archearium,NA,manually
Closterium bayllianum,NA,manually
Closterium cornu var. upsaliense,NA,NA
Cosmarium blyttii var. novae-sylvae,NA,NA
Cosmarium botrytis var. medioleave,NA,NA
Cosmarium botrytis var. tumidum,NA,NA
Cosmarium conspersum var. latum,NA,NA
Cosmarium contractum var. minimum,NA,NA
Cosmarium formosum,NA,manually
Cosmarium laeve var. octangulare,NA,NA
Cosmarium moniliferum var. panduriforme,NA,NA
Cosmarium monomazum var. polymazum,NA,NA
Cosmarium pachydermum var. aerotopica,NA,NA
Cosmarium pseudonitidulum var. validum,NA,NA
Cosmarium quadratulum var. boldii,NA,NA
Cosmarium subtumidum var. groenbladii,NA,NA
Euastrum ansatum var. ansatum,NA,NA
Euastrum ansatum var. rhomboidale,NA,NA
Euastrum binale var. gutwinskii,NA,NA
Euastrum crassum var. microcephalum,NA,NA
Euastrum luetkemulleri var. carnicolicum,NA,NA
Hyalotheca dissiliens var. minor,NA,NA
Micrasterias truncata var. quadrata,NA,NA
Micrasterias truncata var. semiradiata,NA,NA
Sphaerozosma umbertianum,Sphaerozosma aubertianum,manually
Staurastrum boreale var. quadriradiatum,NA,NA
Staurastrum brebbisonii,NA,manually
Staurastrum micron var. spinulosum,NA,NA
Staurastrum orbiculare var. orbiculare,NA,NA
Staurastrum polymorphum var. pigmaeum,NA,NA
Staurastrum proboscideum var. productum,NA,NA
Staurastrum spongiosum var. perbifidum,NA,NA
Staurastrum symonii,NA,manually
Staurodesmus dejectus var. brevispinus,NA,NA
Tetmemorus leavis var. minutus,NA,NA
Xanthidium antilopaeum var. leave,NA,NA
Xanthidium antilopaeum var. planum,NA,NA
Cyclops abyssorum copodites stage i,NA,manually
Cyclops abyssorum copodites stage ii,NA,manually
Calanoid nauplii,Cyclopoida,manually
Copepd nauplii,Copepoda,manually
Cyclopoid copepodites,Cyclopoida,manually
Ankistrodesmus falcatus var. spirilliformis,NA,NA
Cyclotella praeterissima,NA,manually
Oscillatoria amphigranulata,NA,manually
Skeletonema costatuni,NA,manually
Daphnia coregoni,Bosmina coregoni,manually
Calanus jinrnarchicus,Calanus finmarchicus,manually
Pseudodiaptornus hessei,NA,manually
Pseudencentrum cf. diglandula,Encentrum diglandula,manually
Pseudencentrum cf. sutor,Encentrum sutor,manually
Mixed ciliates,Ciliophora,manually
Strobilidium acutum,Strombidium acutum,manually
Small mixed ciliates,Ciliophora,manually
Staurophyra spp.,Ciliophora,manually
Brachionus tubicen,NA,manually
Brachionusquadridentatus,Brachionus Quadridentatus,manually
Graptoleberis occidentalis,NA,manually
Macrothris sp,Macrothrix,manually
Monommata ardnti,NA,manually
Monommata ventralis,Monommata,manually
Achnanthes flexella var. alpestris,NA,NA
Amphora ovalis var. pediculus,NA,NA
Ankistrodesmus falcatus var. mirabilis,NA,NA
Coccoid oval,Coccoid,manually
Coccoid sphere,Coccoid,manually
Cyclotella comensis var. 1,NA,NA
Cyclotella operculata var. unipunctata,NA,NA
Cymbella minuta var. silesiaca,NA,NA
Diatoma tenue var. elongatum,NA,NA
Dinobryon bavaricum var. vanhoeffenii,NA,NA
Fragilaria construens var. binodis,NA,NA
Fragilaria construens var. venter,NA,NA
Navicula cryptocephala var. veneta,NA,NA
Navicula pupula var. mutata,NA,NA
Navicula radiosa var. tenella,NA,NA
Oocystis gigas var. incrassata,NA,manually
Stephanodiscus hantzschii f. hantzschii,NA,NA
Synedra amphicephala var. austriaca,NA,NA
Synedra delicatissima var. angustissima,NA,NA
Synedra filiformis var. exilis,NA,NA
Synedra ulna var. biceps,NA,NA
Synedra ulna var. chaseana,NA,NA
Tabellaria flocculosa var. geniculata,NA,NA
Unidentified chrysophyte flagellate,Chrysophyceae,manually
Unidentified chrysophyte ovoid,Chrysophyceae,manually
Unidentified coccoid cyanophyta,Cyanophyceae,manually
Unidentified coccoid spherical,couldn't resolve,manually
Unidentified colonial greens,couldn't resolve,manually
Unidentified flagellate,couldn't resolve,manually
Unidentified flagellate ovoid,couldn't resolve,manually
Unidentified flagellates fusiform,couldn't resolve,manually
Unidentified pennales,Bacillariophyceae,manually
Achnanthes clevei var. rostrata,NA,NA
Achnanthes lanceolata var. dubia,NA,NA
Achnanthes lanceolata var. rostrata,NA,NA
Achnanthes lapponica var. ninckei,NA,NA
Actinocyclus normanii f. subsalsa,NA,NA
Amphora ovalis var. affinis,NA,NA
Amphora veneta var. capitata,NA,NA
Aulacoseira distans var. alpigena,NA,NA
Aulacoseira italica var. tenuissima,NA,NA
Caloneis ventricosa var. minuta,NA,NA
Cymbella prostrata var. auerswaldii,NA,NA
Diatoma hiemale var. mesodon,NA,NA
Fragilaria construens var. minuta,NA,NA
Fragilaria construens var. pumila,NA,NA
Fragilaria leptostauron var. dubia,NA,NA
Fragilaria pinnata var. lancettula,NA,NA
Fragilaria vaucheriae var. capitellata,NA,NA
Navicula capitata var. hungarica,NA,NA
Navicula capitata var. luneburgensis,NA,NA
Navicula contenta var. biceps,NA,NA
Navicula elginensis var. lata,NA,NA
Navicula menisculus var. upsaliensis,NA,NA
Navicula rhynchocephala var. amphiceros,NA,NA
Navicula salinarum var. intermedia,NA,NA
Navicula tuscula f. minor,NA,NA
Stephanodiscus carconensis var. pusilla,NA,NA
Surirella ovata var. salina,NA,NA
Synedra parasitica var. subconstricta,NA,NA
Unidentified centrales,Bacillariophyceae,manually
Dictosphaerium ehrenbergainum,NA,manually
Eutetramorus polycoccus,NA,manually
Geminella terricola,NA,manually
Trachelomonas planctonica var. hyalina,NA,NA
Ceriodaphnia quadrangular,NA,manually
Anabaena ucrainica,NA,manually
Anabaena spiroides klebahn var. crassa lemm.,NA,NA
Diaphanosoma edmondsoni,NA,manually
Diaphanosoma kizakiensis,NA,manually
Moina siamensis,NA,manually
Nauplius,Copepoda,manually
Cyclops,Copepoda,manually
Tintionnopsis,Tintinnopsis,manually
Cyclopoids,Cyclopoida,manually
Anabaena sphaerica var. attenuata,NA,NA
Arthrospira platensis var. non-constricta,NA,NA
Oscillatoria chlorina f. perchlorina,NA,NA
Oscillatoria trichoides,NA,manually
Euglena gracilis var. urophora,NA,NA
Lepocinclis conica,NA,manually
Lepocinclis fusiformis var. amphirhynchus,NA,NA
Lepocinclis ovum var. angustatum,NA,NA
Lepocinclis ovum var. dimidio-minor,NA,NA
Lepocinclis teres f. parvula,NA,NA
Lepocinclis texta var. mammillata,NA,NA
Menoidium semilunare var. regulare,NA,manually
Phacus agilis var. inversus,NA,manually
Strombomonas acuminata var. amphora,NA,NA
Strombomonas acuminata var. deflandreana,NA,NA
Strombomonas inconstans,NA,manually
Strombomonas praeliaris var. nana,NA,NA
Strombomonas rotunda f. hortobagyi,NA,NA
Strombomonas subcurvata var. africana,NA,manually
Trachelomonas abrupta f. angustata,NA,NA
Trachelomonas bacillifera f. sparsispina,NA,NA
Trachelomonas curta var. minima,NA,NA
Trachelomonas dangeardii var. glabra,NA,NA
Trachelomonas globularis var. boyeri,NA,NA
Trachelomonas granulosa var. subglobosa,NA,NA
Trachelomonas hexangulata var. hexagona,NA,manually
Trachelomonas kelloggii var. nana,NA,NA
Trachelomonas lismorensis var. inermis,NA,NA
Trachelomonas oblonga var. australica,NA,NA
Trachelomonas obovata var. klebsiana,NA,NA
Trachelomonas orenburgika var. ornata,NA,NA
Trachelomonas stokesiana f. meandrina,NA,NA
Trachelomonas rugulosa var. obliqua,NA,NA
Trachelomonas scabra var. coberensis,NA,NA
Trachelomonas scabra var. ovata f. minor,NA,NA
Trachelomonas sydneyensis var. minima,NA,NA
Trachelomonas sydneyensis var. obesa,NA,NA
Trachelomonas varians f. globosa,NA,NA
Trachelomonas verrucosa f. irregularis,NA,NA
Trachelomonas verrucosa f. sparseornata,NA,manually
Trachelomonas verrucosa var. macrotuberculata,NA,NA
Trachelomonas verrucosa var. spirogyra,NA,NA
Trachelomonas volvocina var. derephora,NA,NA
Trachelomonas volvocinopsis var. khannae,NA,NA
Aulacomonas submarina,NA,manually
Chlamydomonas incisa,NA,manually
Desmodesmus abundans var. brevicauda,NA,NA
Microspora amoena var. gracilis,NA,NA
Pediastrum simplex var. clathratum,NA,NA
Pseudopediastrum subgranulatum,NA,manually
Pteromonas rugosa,NA,manually
Scenedesmus gutwinskii var. bacsensis,NA,NA
Scenedesmus opoliensis var. bicaudatus,NA,NA
Scenedesmus protuberans f. danubianus,NA,manually
Scenedesmus protuberans var. minor,NA,manually
Sphaerellopsis aglo,NA,manually
Tetraedron minimum f. apiculatum,NA,NA
Tetraedron octaedricum var. spinosum,NA,NA
Tetraedron trigonum f. minus-obtusum,NA,NA
Tetraedron trigonum var. longispinum,NA,NA
